6c619880-00f2-11ee-9acc-f875a47c197c,华语,/playlist?id=7308142944
6c61e695-00f2-11ee-86d3-f875a47c197c,华语,/playlist?id=7603391674
6c61e696-00f2-11ee-a467-f875a47c197c,华语,/playlist?id=8071093123
6c61e697-00f2-11ee-aaaf-f875a47c197c,华语,/playlist?id=8250917816
6c620db5-00f2-11ee-9538-f875a47c197c,华语,/playlist?id=7840686287
6c620db6-00f2-11ee-9252-f875a47c197c,华语,/playlist?id=7793230288
6c623668-00f2-11ee-a582-f875a47c197c,华语,/playlist?id=7368548653
6c623669-00f2-11ee-8d87-f875a47c197c,华语,/playlist?id=5395389058
6c62366a-00f2-11ee-b4d0-f875a47c197c,华语,/playlist?id=8293309078
6c625bcd-00f2-11ee-8eb1-f875a47c197c,华语,/playlist?id=7210744423
6c625bce-00f2-11ee-9222-f875a47c197c,华语,/playlist?id=7625413468
6c6282de-00f2-11ee-bdd9-f875a47c197c,华语,/playlist?id=8421612204
6c6282df-00f2-11ee-8b10-f875a47c197c,华语,/playlist?id=8040041743
6c62a9fe-00f2-11ee-977b-f875a47c197c,华语,/playlist?id=7525397914
6c62a9ff-00f2-11ee-9528-f875a47c197c,华语,/playlist?id=8278937351
6c62aa00-00f2-11ee-94fb-f875a47c197c,华语,/playlist?id=8168439211
6c62d0fa-00f2-11ee-9944-f875a47c197c,华语,/playlist?id=7737156437
6c62d0fb-00f2-11ee-ae0e-f875a47c197c,华语,/playlist?id=7571447656
6c62d0fc-00f2-11ee-b689-f875a47c197c,华语,/playlist?id=7050074027
6c62f807-00f2-11ee-b979-f875a47c197c,华语,/playlist?id=7505456487
6c62f808-00f2-11ee-991f-f875a47c197c,华语,/playlist?id=7514752540
6c631f07-00f2-11ee-a854-f875a47c197c,华语,/playlist?id=7371716525
6c631f08-00f2-11ee-94ac-f875a47c197c,华语,/playlist?id=7849046192
6c631f09-00f2-11ee-ac82-f875a47c197c,华语,/playlist?id=8237704460
6c634618-00f2-11ee-a06c-f875a47c197c,华语,/playlist?id=7568132458
6c634619-00f2-11ee-9e4d-f875a47c197c,华语,/playlist?id=8199981571
6c63461a-00f2-11ee-8116-f875a47c197c,华语,/playlist?id=7662511571
6c636d28-00f2-11ee-aa82-f875a47c197c,华语,/playlist?id=7526970922
6c636d29-00f2-11ee-b7ff-f875a47c197c,华语,/playlist?id=8408326200
6c63944e-00f2-11ee-9c54-f875a47c197c,华语,/playlist?id=8039486188
6c63944f-00f2-11ee-9cf2-f875a47c197c,华语,/playlist?id=6686195351
6c639450-00f2-11ee-a5d8-f875a47c197c,华语,/playlist?id=8170169684
6c63bb6f-00f2-11ee-831d-f875a47c197c,华语,/playlist?id=8325650845
6c63e430-00f2-11ee-8f73-f875a47c197c,华语,/playlist?id=7597314544
6c63e431-00f2-11ee-8ef8-f875a47c197c,华语,/playlist?id=7752312415
6deab7e9-00f2-11ee-9282-f875a47c197c,欧美,/playlist?id=8421965201
6deadefc-00f2-11ee-bebc-f875a47c197c,欧美,/playlist?id=8421568205
6deadefd-00f2-11ee-8951-f875a47c197c,欧美,/playlist?id=8306209246
6deb0621-00f2-11ee-8a37-f875a47c197c,欧美,/playlist?id=8449900004
6deb0622-00f2-11ee-bd52-f875a47c197c,欧美,/playlist?id=8375115775
6deb0623-00f2-11ee-b36a-f875a47c197c,欧美,/playlist?id=8306146251
6deb2d34-00f2-11ee-b468-f875a47c197c,欧美,/playlist?id=8432676200
6deb2d35-00f2-11ee-8676-f875a47c197c,欧美,/playlist?id=8233771984
6deb543c-00f2-11ee-9a04-f875a47c197c,欧美,/playlist?id=8421869205
6deb543d-00f2-11ee-8c88-f875a47c197c,欧美,/playlist?id=8451253535
6deb7b3f-00f2-11ee-ac57-f875a47c197c,欧美,/playlist?id=8451220813
6deb7b40-00f2-11ee-a494-f875a47c197c,欧美,/playlist?id=5212729721
6deb7b41-00f2-11ee-be9f-f875a47c197c,欧美,/playlist?id=7725920397
6deba24c-00f2-11ee-a24f-f875a47c197c,欧美,/playlist?id=8449488803
6deba24d-00f2-11ee-8a42-f875a47c197c,欧美,/playlist?id=8382223127
6debc95c-00f2-11ee-90ba-f875a47c197c,欧美,/playlist?id=8143839749
6debc95d-00f2-11ee-8a0e-f875a47c197c,欧美,/playlist?id=8223896316
6debc95e-00f2-11ee-8d0a-f875a47c197c,欧美,/playlist?id=8450983653
6debf06e-00f2-11ee-8f7c-f875a47c197c,欧美,/playlist?id=8312988816
6debf06f-00f2-11ee-9460-f875a47c197c,欧美,/playlist?id=8298817200
6debf070-00f2-11ee-946e-f875a47c197c,欧美,/playlist?id=8143823347
6dec177e-00f2-11ee-8d7d-f875a47c197c,欧美,/playlist?id=8449912804
6dec177f-00f2-11ee-9e9b-f875a47c197c,欧美,/playlist?id=8172298486
6dec3e9c-00f2-11ee-8383-f875a47c197c,欧美,/playlist?id=8451214923
6dec3e9d-00f2-11ee-94f9-f875a47c197c,欧美,/playlist?id=8368371084
6dec3e9e-00f2-11ee-882e-f875a47c197c,欧美,/playlist?id=8421568202
6dec65af-00f2-11ee-b20c-f875a47c197c,欧美,/playlist?id=8413693049
6dec65b0-00f2-11ee-9d27-f875a47c197c,欧美,/playlist?id=8419885708
6dec8cb6-00f2-11ee-b315-f875a47c197c,欧美,/playlist?id=8421590201
6dec8cb7-00f2-11ee-9ee4-f875a47c197c,欧美,/playlist?id=8433659202
6dec8cb8-00f2-11ee-a218-f875a47c197c,欧美,/playlist?id=8421617203
6decb3c1-00f2-11ee-a638-f875a47c197c,欧美,/playlist?id=8207803867
6decb3c2-00f2-11ee-b1a0-f875a47c197c,欧美,/playlist?id=8421869204
6decb3c3-00f2-11ee-97f3-f875a47c197c,欧美,/playlist?id=8421568203
6decdac9-00f2-11ee-a255-f875a47c197c,欧美,/playlist?id=5212877669
6f79e0db-00f2-11ee-aad1-f875a47c197c,日语,/playlist?id=8447684818
6f7a07f3-00f2-11ee-8fbb-f875a47c197c,日语,/playlist?id=8412025339
6f7a2f01-00f2-11ee-89b2-f875a47c197c,日语,/playlist?id=8413143312
6f7a2f02-00f2-11ee-8491-f875a47c197c,日语,/playlist?id=7764857455
6f7a5607-00f2-11ee-9946-f875a47c197c,日语,/playlist?id=8449714475
6f7a5608-00f2-11ee-9a80-f875a47c197c,日语,/playlist?id=6857516504
6f7a5609-00f2-11ee-871a-f875a47c197c,日语,/playlist?id=8448059272
6f7a7d24-00f2-11ee-beab-f875a47c197c,日语,/playlist?id=2819914042
6f7a7d25-00f2-11ee-8f66-f875a47c197c,日语,/playlist?id=7779003544
6f7a7d26-00f2-11ee-867d-f875a47c197c,日语,/playlist?id=7203095207
6f7aa433-00f2-11ee-b72d-f875a47c197c,日语,/playlist?id=8449922861
6f7aa434-00f2-11ee-801e-f875a47c197c,日语,/playlist?id=7775440921
6f7aa435-00f2-11ee-aea4-f875a47c197c,日语,/playlist?id=7762666326
6f7acbb6-00f2-11ee-9f1a-f875a47c197c,日语,/playlist?id=7761336468
6f7acbb7-00f2-11ee-b298-f875a47c197c,日语,/playlist?id=8438075986
6f7acbb8-00f2-11ee-aae9-f875a47c197c,日语,/playlist?id=8449795432
6f7af428-00f2-11ee-9b61-f875a47c197c,日语,/playlist?id=8448026078
6f7af429-00f2-11ee-b459-f875a47c197c,日语,/playlist?id=8449433463
6f7b1b0f-00f2-11ee-93a2-f875a47c197c,日语,/playlist?id=7454125506
6f7b1b10-00f2-11ee-ba2b-f875a47c197c,日语,/playlist?id=8413164289
6f7b1b11-00f2-11ee-beaf-f875a47c197c,日语,/playlist?id=8447407066
6f7b4070-00f2-11ee-8389-f875a47c197c,日语,/playlist?id=7762735121
6f7b4071-00f2-11ee-a155-f875a47c197c,日语,/playlist?id=7779109577
6f7b4072-00f2-11ee-ac52-f875a47c197c,日语,/playlist?id=6654565519
6f7b678e-00f2-11ee-bdd6-f875a47c197c,日语,/playlist?id=6686195387
6f7b678f-00f2-11ee-98d3-f875a47c197c,日语,/playlist?id=8448089511
6f7b6790-00f2-11ee-9d4d-f875a47c197c,日语,/playlist?id=8410129200
6f7b900c-00f2-11ee-84a5-f875a47c197c,日语,/playlist?id=6845593381
6f7b900d-00f2-11ee-880e-f875a47c197c,日语,/playlist?id=8448038564
6f7bb708-00f2-11ee-a924-f875a47c197c,日语,/playlist?id=8447158645
6f7bb709-00f2-11ee-b310-f875a47c197c,日语,/playlist?id=8447969226
6f7bb70a-00f2-11ee-8af5-f875a47c197c,日语,/playlist?id=8449487494
6f7bdcb0-00f2-11ee-9431-f875a47c197c,日语,/playlist?id=8412082231
6f7bdcb1-00f2-11ee-9ec7-f875a47c197c,日语,/playlist?id=8449504277
6f7bdcb2-00f2-11ee-905c-f875a47c197c,日语,/playlist?id=8447800745
70fe761f-00f2-11ee-bcff-f875a47c197c,韩语,/playlist?id=8216958348
70fe9bc6-00f2-11ee-8de9-f875a47c197c,韩语,/playlist?id=8044702782
70fe9bc7-00f2-11ee-b1a3-f875a47c197c,韩语,/playlist?id=8239524976
70fe9bc8-00f2-11ee-92d4-f875a47c197c,韩语,/playlist?id=8251390450
70fec4cf-00f2-11ee-bb20-f875a47c197c,韩语,/playlist?id=7456313004
70fec4d0-00f2-11ee-bb1f-f875a47c197c,韩语,/playlist?id=2829920189
70fee9b1-00f2-11ee-82e0-f875a47c197c,韩语,/playlist?id=7738801757
70fee9b2-00f2-11ee-b68c-f875a47c197c,韩语,/playlist?id=7462495473
70fee9b3-00f2-11ee-b1a7-f875a47c197c,韩语,/playlist?id=7462360146
70ff10c0-00f2-11ee-874e-f875a47c197c,韩语,/playlist?id=8263430500
70ff10c1-00f2-11ee-a29f-f875a47c197c,韩语,/playlist?id=8206118650
70ff10c2-00f2-11ee-9c3a-f875a47c197c,韩语,/playlist?id=8249508025
70ff39fe-00f2-11ee-bc44-f875a47c197c,韩语,/playlist?id=8235515805
70ff39ff-00f2-11ee-81e0-f875a47c197c,韩语,/playlist?id=8232255909
70ff5ede-00f2-11ee-adc5-f875a47c197c,韩语,/playlist?id=7462570287
70ff5edf-00f2-11ee-a1d5-f875a47c197c,韩语,/playlist?id=2859291447
70ff5ee0-00f2-11ee-8e69-f875a47c197c,韩语,/playlist?id=8265390541
70ff85e8-00f2-11ee-b1b1-f875a47c197c,韩语,/playlist?id=7480702895
70ff85e9-00f2-11ee-9350-f875a47c197c,韩语,/playlist?id=7462366132
70ff85ea-00f2-11ee-835b-f875a47c197c,韩语,/playlist?id=8249556553
70ffad01-00f2-11ee-a982-f875a47c197c,韩语,/playlist?id=7544032547
70ffad02-00f2-11ee-bb8f-f875a47c197c,韩语,/playlist?id=8237677541
70ffd56b-00f2-11ee-855d-f875a47c197c,韩语,/playlist?id=8249294604
70ffd56c-00f2-11ee-bfa8-f875a47c197c,韩语,/playlist?id=6928102820
70ffd56d-00f2-11ee-a53f-f875a47c197c,韩语,/playlist?id=8224195948
70fffc53-00f2-11ee-a8b9-f875a47c197c,韩语,/playlist?id=8449946993
70fffc54-00f2-11ee-b1c1-f875a47c197c,韩语,/playlist?id=8413258287
70fffc55-00f2-11ee-a079-f875a47c197c,韩语,/playlist?id=8237631755
71002229-00f2-11ee-8951-f875a47c197c,韩语,/playlist?id=8222322888
7100222a-00f2-11ee-8c2c-f875a47c197c,韩语,/playlist?id=8406943201
71004aac-00f2-11ee-b52f-f875a47c197c,韩语,/playlist?id=8025393155
71004aad-00f2-11ee-8113-f875a47c197c,韩语,/playlist?id=8449725497
71007074-00f2-11ee-9f5e-f875a47c197c,韩语,/playlist?id=8237989206
71007075-00f2-11ee-9be6-f875a47c197c,韩语,/playlist?id=7356215372
71009774-00f2-11ee-a424-f875a47c197c,韩语,/playlist?id=8262155896
72873cf0-00f2-11ee-8c71-f875a47c197c,粤语,/playlist?id=8411460644
728761be-00f2-11ee-bbac-f875a47c197c,粤语,/playlist?id=8413240715
728761bf-00f2-11ee-94fd-f875a47c197c,粤语,/playlist?id=7392714527
728788e5-00f2-11ee-81e9-f875a47c197c,粤语,/playlist?id=8165165987
728788e6-00f2-11ee-b555-f875a47c197c,粤语,/playlist?id=8449976036
7287aff2-00f2-11ee-b900-f875a47c197c,粤语,/playlist?id=7696612212
7287aff3-00f2-11ee-bac0-f875a47c197c,粤语,/playlist?id=7662511571
7287aff4-00f2-11ee-ac97-f875a47c197c,粤语,/playlist?id=8413169295
7287d71a-00f2-11ee-80d4-f875a47c197c,粤语,/playlist?id=8411661792
7287d71b-00f2-11ee-ab3a-f875a47c197c,粤语,/playlist?id=7662651829
7287fe11-00f2-11ee-9232-f875a47c197c,粤语,/playlist?id=8408330200
7287fe12-00f2-11ee-bea5-f875a47c197c,粤语,/playlist?id=3455816
7288252f-00f2-11ee-a7f3-f875a47c197c,粤语,/playlist?id=8450007541
72882530-00f2-11ee-8fcd-f875a47c197c,粤语,/playlist?id=8449798508
72882531-00f2-11ee-a20e-f875a47c197c,粤语,/playlist?id=8411459728
72884c35-00f2-11ee-8fc8-f875a47c197c,粤语,/playlist?id=8406347405
72884c36-00f2-11ee-bbad-f875a47c197c,粤语,/playlist?id=8407862217
72884c37-00f2-11ee-8985-f875a47c197c,粤语,/playlist?id=8400241243
7288750b-00f2-11ee-87b0-f875a47c197c,粤语,/playlist?id=8443217786
72889c02-00f2-11ee-a094-f875a47c197c,粤语,/playlist?id=8443199405
72889c03-00f2-11ee-8731-f875a47c197c,粤语,/playlist?id=8437613107
7288c356-00f2-11ee-b373-f875a47c197c,粤语,/playlist?id=8422588306
7288c357-00f2-11ee-be9c-f875a47c197c,粤语,/playlist?id=8422575578
7288e858-00f2-11ee-8598-f875a47c197c,粤语,/playlist?id=8402982041
7288e859-00f2-11ee-8ae6-f875a47c197c,粤语,/playlist?id=8417326351
72890f6d-00f2-11ee-be33-f875a47c197c,粤语,/playlist?id=8408029977
72890f6e-00f2-11ee-b89d-f875a47c197c,粤语,/playlist?id=8437668127
72890f6f-00f2-11ee-a49a-f875a47c197c,粤语,/playlist?id=8445763257
7289368c-00f2-11ee-819f-f875a47c197c,粤语,/playlist?id=8416951042
7289368d-00f2-11ee-afeb-f875a47c197c,粤语,/playlist?id=893126993
72895d8c-00f2-11ee-a412-f875a47c197c,粤语,/playlist?id=914087134
72895d8d-00f2-11ee-ae47-f875a47c197c,粤语,/playlist?id=8312887083
72895d8e-00f2-11ee-8530-f875a47c197c,粤语,/playlist?id=8382606051
72898499-00f2-11ee-b507-f875a47c197c,粤语,/playlist?id=82857677
7289849a-00f2-11ee-8e3e-f875a47c197c,粤语,/playlist?id=2799143003
740bae8e-00f2-11ee-b625-f875a47c197c,风格,/playlist?id=6671216522
740bae8f-00f2-11ee-b8dd-f875a47c197c,风格,/playlist?id=5449543141
740bd3ff-00f2-11ee-b5eb-f875a47c197c,风格,/playlist?id=5451934030
740bd400-00f2-11ee-a389-f875a47c197c,风格,/playlist?id=5451679698
740bd401-00f2-11ee-a586-f875a47c197c,风格,/playlist?id=5363644086
740bfb0a-00f2-11ee-a8b0-f875a47c197c,风格,/playlist?id=5472305020
740bfb0b-00f2-11ee-b26e-f875a47c197c,风格,/playlist?id=5391313096
740c2225-00f2-11ee-adcc-f875a47c197c,风格,/playlist?id=5342642424
740c2226-00f2-11ee-afbf-f875a47c197c,风格,/playlist?id=5377296264
740c491b-00f2-11ee-974a-f875a47c197c,风格,/playlist?id=5426072602
740c491c-00f2-11ee-a05f-f875a47c197c,风格,/playlist?id=6678233267
740c71e4-00f2-11ee-b210-f875a47c197c,风格,/playlist?id=6597679343
740c71e5-00f2-11ee-861b-f875a47c197c,风格,/playlist?id=5434513615
740c71e6-00f2-11ee-a00b-f875a47c197c,风格,/playlist?id=6597000798
740c975c-00f2-11ee-92a2-f875a47c197c,风格,/playlist?id=6637144879
740c975d-00f2-11ee-9d22-f875a47c197c,风格,/playlist?id=5381722575
740c975e-00f2-11ee-9701-f875a47c197c,风格,/playlist?id=6663794062
740cbe6a-00f2-11ee-8cd1-f875a47c197c,风格,/playlist?id=5338566001
740cbe6b-00f2-11ee-b0ea-f875a47c197c,风格,/playlist?id=5480819721
740ce72e-00f2-11ee-b8a1-f875a47c197c,风格,/playlist?id=6660829754
740ce72f-00f2-11ee-83c2-f875a47c197c,风格,/playlist?id=6621449411
740ce730-00f2-11ee-bf57-f875a47c197c,风格,/playlist?id=5315249487
740d0c79-00f2-11ee-827d-f875a47c197c,风格,/playlist?id=6661268629
740d0c7a-00f2-11ee-8603-f875a47c197c,风格,/playlist?id=5452173199
740d0c7b-00f2-11ee-8614-f875a47c197c,风格,/playlist?id=5348219627
740d33d0-00f2-11ee-b69e-f875a47c197c,风格,/playlist?id=6597273889
740d33d1-00f2-11ee-9063-f875a47c197c,风格,/playlist?id=5475268496
740d5bf2-00f2-11ee-8e63-f875a47c197c,风格,/playlist?id=6605147757
740d5bf3-00f2-11ee-a512-f875a47c197c,风格,/playlist?id=6702371651
740d5bf4-00f2-11ee-9c45-f875a47c197c,风格,/playlist?id=5467055346
740d81a2-00f2-11ee-bcbd-f875a47c197c,风格,/playlist?id=5481218726
740d81a3-00f2-11ee-9afc-f875a47c197c,风格,/playlist?id=5466577620
740d81a4-00f2-11ee-a1c0-f875a47c197c,风格,/playlist?id=5440545862
740daa16-00f2-11ee-9f21-f875a47c197c,风格,/playlist?id=5437835142
740daa17-00f2-11ee-a260-f875a47c197c,风格,/playlist?id=5381381410
7595f28e-00f2-11ee-a08d-f875a47c197c,流行,/playlist?id=7662651829
7595f28f-00f2-11ee-9e60-f875a47c197c,流行,/playlist?id=8449922861
75961996-00f2-11ee-acff-f875a47c197c,流行,/playlist?id=5172410111
75961997-00f2-11ee-9687-f875a47c197c,流行,/playlist?id=8413693049
759640a0-00f2-11ee-aef3-f875a47c197c,流行,/playlist?id=8412012602
759640a1-00f2-11ee-8f75-f875a47c197c,流行,/playlist?id=8237677541
759640a2-00f2-11ee-89ff-f875a47c197c,流行,/playlist?id=8419642540
759667b4-00f2-11ee-b4d4-f875a47c197c,流行,/playlist?id=8449771565
759667b5-00f2-11ee-a03e-f875a47c197c,流行,/playlist?id=7708579283
75968ebd-00f2-11ee-888d-f875a47c197c,流行,/playlist?id=7095440039
75968ebe-00f2-11ee-851d-f875a47c197c,流行,/playlist?id=8382354808
7596b5cd-00f2-11ee-ba8e-f875a47c197c,流行,/playlist?id=2821115454
7596b5ce-00f2-11ee-b997-f875a47c197c,流行,/playlist?id=8451229992
7596dcf0-00f2-11ee-8604-f875a47c197c,流行,/playlist?id=8449843762
7596dcf1-00f2-11ee-80ee-f875a47c197c,流行,/playlist?id=8449457536
7596dcf2-00f2-11ee-b158-f875a47c197c,流行,/playlist?id=8411854514
7597046e-00f2-11ee-86da-f875a47c197c,流行,/playlist?id=7782055324
7597046f-00f2-11ee-bff5-f875a47c197c,流行,/playlist?id=8449723687
75972b00-00f2-11ee-b70c-f875a47c197c,流行,/playlist?id=7849046192
75972b01-00f2-11ee-a986-f875a47c197c,流行,/playlist?id=8412671819
75975233-00f2-11ee-8486-f875a47c197c,流行,/playlist?id=7347059371
75975234-00f2-11ee-9b0f-f875a47c197c,流行,/playlist?id=8448070353
7597793c-00f2-11ee-9a63-f875a47c197c,流行,/playlist?id=7535748807
7597793d-00f2-11ee-a612-f875a47c197c,流行,/playlist?id=8413220919
7597a040-00f2-11ee-95cc-f875a47c197c,流行,/playlist?id=7706521452
7597a041-00f2-11ee-9990-f875a47c197c,流行,/playlist?id=8449490777
7597c743-00f2-11ee-b56f-f875a47c197c,流行,/playlist?id=8262155896
7597c744-00f2-11ee-92a1-f875a47c197c,流行,/playlist?id=8413254451
7597c745-00f2-11ee-908f-f875a47c197c,流行,/playlist?id=8449696344
7597ee53-00f2-11ee-adeb-f875a47c197c,流行,/playlist?id=7058170171
7597ee54-00f2-11ee-a1d2-f875a47c197c,流行,/playlist?id=7562480734
7598172b-00f2-11ee-bc09-f875a47c197c,流行,/playlist?id=8413164289
7598172c-00f2-11ee-bc80-f875a47c197c,流行,/playlist?id=8448492567
7598172d-00f2-11ee-92b8-f875a47c197c,流行,/playlist?id=8449905387
75983c70-00f2-11ee-a049-f875a47c197c,流行,/playlist?id=8449807480
77151c19-00f2-11ee-93a8-f875a47c197c,摇滚,/playlist?id=5461467132
77151c1a-00f2-11ee-96d6-f875a47c197c,摇滚,/playlist?id=5449893039
771540e2-00f2-11ee-94b0-f875a47c197c,摇滚,/playlist?id=8450960658
771540e3-00f2-11ee-b7e3-f875a47c197c,摇滚,/playlist?id=8411944360
771540e4-00f2-11ee-8bc1-f875a47c197c,摇滚,/playlist?id=8451203383
771568ba-00f2-11ee-97d7-f875a47c197c,摇滚,/playlist?id=8449771616
771568bb-00f2-11ee-a552-f875a47c197c,摇滚,/playlist?id=8412667774
77158f12-00f2-11ee-bcc8-f875a47c197c,摇滚,/playlist?id=8021963223
77158f13-00f2-11ee-bba1-f875a47c197c,摇滚,/playlist?id=8450025670
7715b622-00f2-11ee-8946-f875a47c197c,摇滚,/playlist?id=8253974623
7715b623-00f2-11ee-851e-f875a47c197c,摇滚,/playlist?id=8450074245
7715dd36-00f2-11ee-9e88-f875a47c197c,摇滚,/playlist?id=8448110598
7715dd37-00f2-11ee-8e50-f875a47c197c,摇滚,/playlist?id=7532093618
77160448-00f2-11ee-bf0c-f875a47c197c,摇滚,/playlist?id=8411464900
77160449-00f2-11ee-bc9e-f875a47c197c,摇滚,/playlist?id=8170169684
77162b4d-00f2-11ee-ae77-f875a47c197c,摇滚,/playlist?id=7662533400
77162b4e-00f2-11ee-bf6e-f875a47c197c,摇滚,/playlist?id=6849437846
77162b4f-00f2-11ee-8154-f875a47c197c,摇滚,/playlist?id=8412069296
77165256-00f2-11ee-a488-f875a47c197c,摇滚,/playlist?id=6651291292
77165257-00f2-11ee-8a49-f875a47c197c,摇滚,/playlist?id=8411840894
7716794b-00f2-11ee-a909-f875a47c197c,摇滚,/playlist?id=8449774567
7716794c-00f2-11ee-8e31-f875a47c197c,摇滚,/playlist?id=6753971696
7716794d-00f2-11ee-afc2-f875a47c197c,摇滚,/playlist?id=5368787250
7716a223-00f2-11ee-b914-f875a47c197c,摇滚,/playlist?id=6651214171
7716a224-00f2-11ee-a1e9-f875a47c197c,摇滚,/playlist?id=8410271200
7716c931-00f2-11ee-b289-f875a47c197c,摇滚,/playlist?id=8412070555
7716c932-00f2-11ee-ae20-f875a47c197c,摇滚,/playlist?id=6651233748
7716ee93-00f2-11ee-947a-f875a47c197c,摇滚,/playlist?id=8451205276
7716ee94-00f2-11ee-b08e-f875a47c197c,摇滚,/playlist?id=8293792441
7716ee95-00f2-11ee-b379-f875a47c197c,摇滚,/playlist?id=8411906411
771715c6-00f2-11ee-857b-f875a47c197c,摇滚,/playlist?id=8412876850
771715c7-00f2-11ee-add1-f875a47c197c,摇滚,/playlist?id=8448088143
77173cc6-00f2-11ee-a836-f875a47c197c,摇滚,/playlist?id=8421570203
77173cc7-00f2-11ee-ab9c-f875a47c197c,摇滚,/playlist?id=8450041024
77173cc8-00f2-11ee-b41e-f875a47c197c,摇滚,/playlist?id=7095432074
7899bc56-00f2-11ee-89d7-f875a47c197c,民谣,/playlist?id=8450134378
7899e36d-00f2-11ee-9a68-f875a47c197c,民谣,/playlist?id=6845593381
7899e36e-00f2-11ee-b7d0-f875a47c197c,民谣,/playlist?id=8450154324
789a0ab2-00f2-11ee-b870-f875a47c197c,民谣,/playlist?id=8164170333
789a0ab3-00f2-11ee-a3c8-f875a47c197c,民谣,/playlist?id=8411542019
789a316a-00f2-11ee-99bf-f875a47c197c,民谣,/playlist?id=7636462655
789a316b-00f2-11ee-845b-f875a47c197c,民谣,/playlist?id=8450280593
789a316c-00f2-11ee-8adc-f875a47c197c,民谣,/playlist?id=8411459663
789a5877-00f2-11ee-a38d-f875a47c197c,民谣,/playlist?id=6630486540
789a5878-00f2-11ee-a9b8-f875a47c197c,民谣,/playlist?id=8450155344
789a7fad-00f2-11ee-8118-f875a47c197c,民谣,/playlist?id=8411507997
789a7fae-00f2-11ee-a0a9-f875a47c197c,民谣,/playlist?id=7681103811
789a7faf-00f2-11ee-8a77-f875a47c197c,民谣,/playlist?id=7662624876
789aa6bb-00f2-11ee-a233-f875a47c197c,民谣,/playlist?id=8449801273
789aa6bc-00f2-11ee-adde-f875a47c197c,民谣,/playlist?id=8450156373
789acdd1-00f2-11ee-b934-f875a47c197c,民谣,/playlist?id=8411508082
789acdd2-00f2-11ee-bb9f-f875a47c197c,民谣,/playlist?id=8450107372
789af4ec-00f2-11ee-96ba-f875a47c197c,民谣,/playlist?id=7840686287
789af4ed-00f2-11ee-8bb0-f875a47c197c,民谣,/playlist?id=8412032339
789af4ee-00f2-11ee-89a7-f875a47c197c,民谣,/playlist?id=5320294514
789b1bf0-00f2-11ee-8375-f875a47c197c,民谣,/playlist?id=7662449932
789b1bf1-00f2-11ee-9bd0-f875a47c197c,民谣,/playlist?id=8410129202
789b42f8-00f2-11ee-b44c-f875a47c197c,民谣,/playlist?id=8411590075
789b42f9-00f2-11ee-96fe-f875a47c197c,民谣,/playlist?id=8450127325
789b6a0f-00f2-11ee-b8f3-f875a47c197c,民谣,/playlist?id=8450133364
789b6a10-00f2-11ee-8b6e-f875a47c197c,民谣,/playlist?id=7066400266
789b6a11-00f2-11ee-a78e-f875a47c197c,民谣,/playlist?id=8450131323
789b9117-00f2-11ee-84ff-f875a47c197c,民谣,/playlist?id=8207429796
789b9118-00f2-11ee-819d-f875a47c197c,民谣,/playlist?id=8324936404
789bb817-00f2-11ee-b83b-f875a47c197c,民谣,/playlist?id=8450289292
789bb818-00f2-11ee-9a3d-f875a47c197c,民谣,/playlist?id=8409992675
789bb819-00f2-11ee-b565-f875a47c197c,民谣,/playlist?id=8410145200
789bdf2f-00f2-11ee-8b09-f875a47c197c,民谣,/playlist?id=8400373732
789bdf30-00f2-11ee-a293-f875a47c197c,民谣,/playlist?id=8412207064
789c07e5-00f2-11ee-98eb-f875a47c197c,民谣,/playlist?id=8418068052
7a217302-00f2-11ee-a265-f875a47c197c,电子,/playlist?id=6593852684
7a219aac-00f2-11ee-bb56-f875a47c197c,电子,/playlist?id=8410267200
7a219aad-00f2-11ee-a34d-f875a47c197c,电子,/playlist?id=8445043200
7a219aae-00f2-11ee-a188-f875a47c197c,电子,/playlist?id=8421617201
7a21bf77-00f2-11ee-b0d8-f875a47c197c,电子,/playlist?id=8446132200
7a21bf78-00f2-11ee-aff6-f875a47c197c,电子,/playlist?id=7650254866
7a21bf79-00f2-11ee-a5d0-f875a47c197c,电子,/playlist?id=5212853935
7a21e675-00f2-11ee-a0f3-f875a47c197c,电子,/playlist?id=8432730200
7a21e676-00f2-11ee-8ae8-f875a47c197c,电子,/playlist?id=5212885707
7a220f4b-00f2-11ee-a4e6-f875a47c197c,电子,/playlist?id=8382420162
7a220f4c-00f2-11ee-9845-f875a47c197c,电子,/playlist?id=8369311357
7a220f4d-00f2-11ee-8afb-f875a47c197c,电子,/playlist?id=6687650306
7a2234ac-00f2-11ee-929a-f875a47c197c,电子,/playlist?id=8309178605
7a2234ad-00f2-11ee-9ef6-f875a47c197c,电子,/playlist?id=6732127153
7a2234ae-00f2-11ee-abc1-f875a47c197c,电子,/playlist?id=8413294200
7a225bb8-00f2-11ee-9233-f875a47c197c,电子,/playlist?id=6686195305
7a225bb9-00f2-11ee-8bdc-f875a47c197c,电子,/playlist?id=8298763317
7a225bba-00f2-11ee-be6e-f875a47c197c,电子,/playlist?id=5212877669
7a2282c6-00f2-11ee-bb22-f875a47c197c,电子,/playlist?id=8446132201
7a2282c7-00f2-11ee-b465-f875a47c197c,电子,/playlist?id=8421617203
7a2282c8-00f2-11ee-adfc-f875a47c197c,电子,/playlist?id=2829839197
7a22aa83-00f2-11ee-b277-f875a47c197c,电子,/playlist?id=8203549408
7a22aa84-00f2-11ee-864c-f875a47c197c,电子,/playlist?id=8408317200
7a22d23e-00f2-11ee-8ee2-f875a47c197c,电子,/playlist?id=8376707003
7a22d23f-00f2-11ee-be9f-f875a47c197c,电子,/playlist?id=8375738025
7a22d240-00f2-11ee-a36b-f875a47c197c,电子,/playlist?id=7711779816
7a22f7f0-00f2-11ee-85b7-f875a47c197c,电子,/playlist?id=6625736824
7a22f7f1-00f2-11ee-b597-f875a47c197c,电子,/playlist?id=3102318465
7a22f7f2-00f2-11ee-88b7-f875a47c197c,电子,/playlist?id=5285018450
7a231f06-00f2-11ee-85cf-f875a47c197c,电子,/playlist?id=8368407148
7a231f07-00f2-11ee-a9a7-f875a47c197c,电子,/playlist?id=5212921635
7a231f08-00f2-11ee-90cc-f875a47c197c,电子,/playlist?id=8448081200
7a234600-00f2-11ee-80e0-f875a47c197c,电子,/playlist?id=5212938372
7a234601-00f2-11ee-970e-f875a47c197c,电子,/playlist?id=4923217374
7a236d37-00f2-11ee-aa9f-f875a47c197c,电子,/playlist?id=8223896316
7bb971c2-00f2-11ee-a22f-f875a47c197c,舞曲,/playlist?id=5212866806
7bb99a2b-00f2-11ee-ac9b-f875a47c197c,舞曲,/playlist?id=8413143739
7bb99a2c-00f2-11ee-bb3b-f875a47c197c,舞曲,/playlist?id=8413179727
7bb99a2d-00f2-11ee-8fa4-f875a47c197c,舞曲,/playlist?id=5212938372
7bb9c220-00f2-11ee-b165-f875a47c197c,舞曲,/playlist?id=5252671474
7bb9c221-00f2-11ee-94ad-f875a47c197c,舞曲,/playlist?id=5212877669
7bb9e6e9-00f2-11ee-94ef-f875a47c197c,舞曲,/playlist?id=7396755430
7bb9e6ea-00f2-11ee-b62b-f875a47c197c,舞曲,/playlist?id=2888212971
7bba0e04-00f2-11ee-b8a4-f875a47c197c,舞曲,/playlist?id=8413187641
7bba0e05-00f2-11ee-94ac-f875a47c197c,舞曲,/playlist?id=5297871433
7bba0e06-00f2-11ee-9505-f875a47c197c,舞曲,/playlist?id=8413289551
7bba350b-00f2-11ee-830e-f875a47c197c,舞曲,/playlist?id=6686195419
7bba350c-00f2-11ee-a5bc-f875a47c197c,舞曲,/playlist?id=5212921635
7bba350d-00f2-11ee-bd1c-f875a47c197c,舞曲,/playlist?id=8282797647
7bba5c8d-00f2-11ee-a921-f875a47c197c,舞曲,/playlist?id=8433659201
7bba5c8e-00f2-11ee-bdca-f875a47c197c,舞曲,/playlist?id=5099585261
7bba8583-00f2-11ee-84d6-f875a47c197c,舞曲,/playlist?id=2829839197
7bba8584-00f2-11ee-a5ac-f875a47c197c,舞曲,/playlist?id=8413252252
7bba8585-00f2-11ee-bc63-f875a47c197c,舞曲,/playlist?id=5308599302
7bbaaa37-00f2-11ee-b59c-f875a47c197c,舞曲,/playlist?id=8413172706
7bbaaa38-00f2-11ee-80b5-f875a47c197c,舞曲,/playlist?id=8298611539
7bbaaa39-00f2-11ee-a84c-f875a47c197c,舞曲,/playlist?id=8298789076
7bbad133-00f2-11ee-8344-f875a47c197c,舞曲,/playlist?id=8422199995
7bbad134-00f2-11ee-a280-f875a47c197c,舞曲,/playlist?id=8413661000
7bbaf858-00f2-11ee-9782-f875a47c197c,舞曲,/playlist?id=8423958057
7bbaf859-00f2-11ee-87df-f875a47c197c,舞曲,/playlist?id=8435454775
7bbaf85a-00f2-11ee-b596-f875a47c197c,舞曲,/playlist?id=7829739691
7bbb1f5f-00f2-11ee-97ea-f875a47c197c,舞曲,/playlist?id=8434694151
7bbb1f60-00f2-11ee-bcab-f875a47c197c,舞曲,/playlist?id=2280832698
7bbb4679-00f2-11ee-8aec-f875a47c197c,舞曲,/playlist?id=504691953
7bbb467a-00f2-11ee-951d-f875a47c197c,舞曲,/playlist?id=8409347893
7bbb467b-00f2-11ee-b0a5-f875a47c197c,舞曲,/playlist?id=8421230292
7bbb6d86-00f2-11ee-a77f-f875a47c197c,舞曲,/playlist?id=2916633948
7bbb6d87-00f2-11ee-b1db-f875a47c197c,舞曲,/playlist?id=2891683159
7bbb949a-00f2-11ee-b55e-f875a47c197c,舞曲,/playlist?id=537925798
7d594f23-00f2-11ee-9b4a-f875a47c197c,说唱,/playlist?id=8402855265
7d597608-00f2-11ee-8a06-f875a47c197c,说唱,/playlist?id=8450195200
7d597609-00f2-11ee-a680-f875a47c197c,说唱,/playlist?id=6952442013
7d599bb7-00f2-11ee-9c5d-f875a47c197c,说唱,/playlist?id=8183501684
7d599bb8-00f2-11ee-bb83-f875a47c197c,说唱,/playlist?id=8199981571
7d599bb9-00f2-11ee-bda6-f875a47c197c,说唱,/playlist?id=6654532835
7d59c2ca-00f2-11ee-b770-f875a47c197c,说唱,/playlist?id=8368710498
7d59c2cb-00f2-11ee-b234-f875a47c197c,说唱,/playlist?id=7718807599
7d59e9d4-00f2-11ee-8055-f875a47c197c,说唱,/playlist?id=7051875969
7d59e9d5-00f2-11ee-8502-f875a47c197c,说唱,/playlist?id=8182620338
7d59e9d6-00f2-11ee-8073-f875a47c197c,说唱,/playlist?id=8298589511
7d5a10d0-00f2-11ee-a355-f875a47c197c,说唱,/playlist?id=8408312200
7d5a10d1-00f2-11ee-8d13-f875a47c197c,说唱,/playlist?id=8201989585
7d5a37e6-00f2-11ee-b316-f875a47c197c,说唱,/playlist?id=8284984728
7d5a37e7-00f2-11ee-b869-f875a47c197c,说唱,/playlist?id=8265204432
7d5a37e8-00f2-11ee-87a9-f875a47c197c,说唱,/playlist?id=8222257423
7d5a5eee-00f2-11ee-ac04-f875a47c197c,说唱,/playlist?id=8265163942
7d5a5eef-00f2-11ee-a09a-f875a47c197c,说唱,/playlist?id=2695101341
7d5a5ef0-00f2-11ee-a170-f875a47c197c,说唱,/playlist?id=8021946522
7d5a85e7-00f2-11ee-87b8-f875a47c197c,说唱,/playlist?id=7737156437
7d5a85e8-00f2-11ee-b8dc-f875a47c197c,说唱,/playlist?id=8421869204
7d5a85e9-00f2-11ee-aba8-f875a47c197c,说唱,/playlist?id=7997084249
7d5aafb5-00f2-11ee-ab6a-f875a47c197c,说唱,/playlist?id=7718785279
7d5aafb6-00f2-11ee-9f77-f875a47c197c,说唱,/playlist?id=8421869203
7d5ad41a-00f2-11ee-a4c8-f875a47c197c,说唱,/playlist?id=8269008754
7d5ad41b-00f2-11ee-b238-f875a47c197c,说唱,/playlist?id=7505456487
7d5ad41c-00f2-11ee-91df-f875a47c197c,说唱,/playlist?id=8188430367
7d5afb2d-00f2-11ee-9516-f875a47c197c,说唱,/playlist?id=8298516609
7d5afb2e-00f2-11ee-a2ad-f875a47c197c,说唱,/playlist?id=8410243200
7d5afb2f-00f2-11ee-9739-f875a47c197c,说唱,/playlist?id=7625413468
7d5b2238-00f2-11ee-93c7-f875a47c197c,说唱,/playlist?id=8410129203
7d5b2239-00f2-11ee-bd0a-f875a47c197c,说唱,/playlist?id=6686195790
7d5b4aa7-00f2-11ee-b0d5-f875a47c197c,说唱,/playlist?id=8298817200
7d5b4aa8-00f2-11ee-ab6e-f875a47c197c,说唱,/playlist?id=6862602894
7d5b4aa9-00f2-11ee-882c-f875a47c197c,说唱,/playlist?id=7708843538
7ee77031-00f2-11ee-bf76-f875a47c197c,轻音乐,/playlist?id=2919023249
7ee79740-00f2-11ee-9ca7-f875a47c197c,轻音乐,/playlist?id=3005019510
7ee79741-00f2-11ee-bf7b-f875a47c197c,轻音乐,/playlist?id=8410140200
7ee79742-00f2-11ee-8847-f875a47c197c,轻音乐,/playlist?id=8449208758
7ee7bef7-00f2-11ee-951d-f875a47c197c,轻音乐,/playlist?id=8419950790
7ee7bef8-00f2-11ee-a290-f875a47c197c,轻音乐,/playlist?id=8419628876
7ee7e3bc-00f2-11ee-a4a3-f875a47c197c,轻音乐,/playlist?id=3040433034
7ee7e3bd-00f2-11ee-8ce7-f875a47c197c,轻音乐,/playlist?id=8375699228
7ee80ab7-00f2-11ee-836c-f875a47c197c,轻音乐,/playlist?id=8449795217
7ee80ab8-00f2-11ee-9aaf-f875a47c197c,轻音乐,/playlist?id=8166619881
7ee831ea-00f2-11ee-a8f9-f875a47c197c,轻音乐,/playlist?id=8216772479
7ee831eb-00f2-11ee-b609-f875a47c197c,轻音乐,/playlist?id=8410180622
7ee85a99-00f2-11ee-a863-f875a47c197c,轻音乐,/playlist?id=7286191603
7ee85a9a-00f2-11ee-85b2-f875a47c197c,轻音乐,/playlist?id=8413434808
7ee85a9b-00f2-11ee-bc2c-f875a47c197c,轻音乐,/playlist?id=8411608810
7ee87ff9-00f2-11ee-8f8a-f875a47c197c,轻音乐,/playlist?id=8199833117
7ee87ffa-00f2-11ee-aaa4-f875a47c197c,轻音乐,/playlist?id=8409991680
7ee87ffb-00f2-11ee-8318-f875a47c197c,轻音乐,/playlist?id=8190099072
7ee8a704-00f2-11ee-b59e-f875a47c197c,轻音乐,/playlist?id=8181676634
7ee8a705-00f2-11ee-a8b6-f875a47c197c,轻音乐,/playlist?id=8382025864
7ee8a706-00f2-11ee-907f-f875a47c197c,轻音乐,/playlist?id=8410004501
7ee8ce2c-00f2-11ee-9753-f875a47c197c,轻音乐,/playlist?id=8168775473
7ee8ce2d-00f2-11ee-9168-f875a47c197c,轻音乐,/playlist?id=8449806884
7ee8f6d3-00f2-11ee-a370-f875a47c197c,轻音乐,/playlist?id=8419631928
7ee8f6d4-00f2-11ee-ac1d-f875a47c197c,轻音乐,/playlist?id=6686195559
7ee8f6d5-00f2-11ee-9809-f875a47c197c,轻音乐,/playlist?id=8155172622
7ee91c36-00f2-11ee-8bd2-f875a47c197c,轻音乐,/playlist?id=8203717002
7ee91c37-00f2-11ee-9cf0-f875a47c197c,轻音乐,/playlist?id=7323098660
7ee91c38-00f2-11ee-9f69-f875a47c197c,轻音乐,/playlist?id=2770070300
7ee94343-00f2-11ee-8c1f-f875a47c197c,轻音乐,/playlist?id=8275694968
7ee94344-00f2-11ee-b522-f875a47c197c,轻音乐,/playlist?id=8192282166
7ee96a55-00f2-11ee-81f4-f875a47c197c,轻音乐,/playlist?id=8449820607
7ee96a56-00f2-11ee-b330-f875a47c197c,轻音乐,/playlist?id=8413478230
7ee96a57-00f2-11ee-aa8a-f875a47c197c,轻音乐,/playlist?id=2829733864
7ee99166-00f2-11ee-8ab5-f875a47c197c,轻音乐,/playlist?id=8449193870
80714656-00f2-11ee-a5fb-f875a47c197c,爵士,/playlist?id=5384233084
80716f5d-00f2-11ee-bd1f-f875a47c197c,爵士,/playlist?id=8449911549
80716f5e-00f2-11ee-8eae-f875a47c197c,爵士,/playlist?id=7354936996
80719474-00f2-11ee-b5fe-f875a47c197c,爵士,/playlist?id=8421869201
80719475-00f2-11ee-a2c5-f875a47c197c,爵士,/playlist?id=8412660150
8071bb7e-00f2-11ee-a8a7-f875a47c197c,爵士,/playlist?id=7780825128
8071bb7f-00f2-11ee-96ff-f875a47c197c,爵士,/playlist?id=8293928661
8071bb80-00f2-11ee-abbc-f875a47c197c,爵士,/playlist?id=8237125106
8071e27f-00f2-11ee-8be2-f875a47c197c,爵士,/playlist?id=7765275092
8071e280-00f2-11ee-a539-f875a47c197c,爵士,/playlist?id=8413103574
8072098a-00f2-11ee-b1f5-f875a47c197c,爵士,/playlist?id=8449703530
8072098b-00f2-11ee-8775-f875a47c197c,爵士,/playlist?id=8413327708
8072098c-00f2-11ee-a0c8-f875a47c197c,爵士,/playlist?id=8285339830
807230b7-00f2-11ee-b350-f875a47c197c,爵士,/playlist?id=8411464057
807230b8-00f2-11ee-ae3f-f875a47c197c,爵士,/playlist?id=8143754377
807257e8-00f2-11ee-a748-f875a47c197c,爵士,/playlist?id=8216752016
807257e9-00f2-11ee-9c60-f875a47c197c,爵士,/playlist?id=8292365334
807257ea-00f2-11ee-b4b7-f875a47c197c,爵士,/playlist?id=8411530021
80727edf-00f2-11ee-b66a-f875a47c197c,爵士,/playlist?id=8413333638
80727ee0-00f2-11ee-b4d8-f875a47c197c,爵士,/playlist?id=8236088967
8072a5e9-00f2-11ee-9739-f875a47c197c,爵士,/playlist?id=2829895462
8072a5ea-00f2-11ee-a01e-f875a47c197c,爵士,/playlist?id=8293808853
8072cce1-00f2-11ee-a454-f875a47c197c,爵士,/playlist?id=6845551299
8072f5ad-00f2-11ee-83be-f875a47c197c,爵士,/playlist?id=8295505797
8072f5ae-00f2-11ee-8025-f875a47c197c,爵士,/playlist?id=6809415368
80731b16-00f2-11ee-a824-f875a47c197c,爵士,/playlist?id=8297163040
80731b17-00f2-11ee-b875-f875a47c197c,爵士,/playlist?id=8296659371
80731b18-00f2-11ee-952e-f875a47c197c,爵士,/playlist?id=8408322200
8073421f-00f2-11ee-9706-f875a47c197c,爵士,/playlist?id=7782073302
80734220-00f2-11ee-86c5-f875a47c197c,爵士,/playlist?id=8223823179
80734221-00f2-11ee-b81f-f875a47c197c,爵士,/playlist?id=8411559744
8073696a-00f2-11ee-9016-f875a47c197c,爵士,/playlist?id=8339103433
8073696b-00f2-11ee-853a-f875a47c197c,爵士,/playlist?id=8297060433
8073903f-00f2-11ee-a410-f875a47c197c,爵士,/playlist?id=8293873720
80739040-00f2-11ee-b766-f875a47c197c,爵士,/playlist?id=8239352106
81f31883-00f2-11ee-8c38-f875a47c197c,乡村,/playlist?id=2936107172
81f31884-00f2-11ee-bf12-f875a47c197c,乡村,/playlist?id=8421568204
81f31885-00f2-11ee-820b-f875a47c197c,乡村,/playlist?id=8413129836
81f33fa4-00f2-11ee-9788-f875a47c197c,乡村,/playlist?id=8412085923
81f33fa5-00f2-11ee-8562-f875a47c197c,乡村,/playlist?id=8282791588
81f366b2-00f2-11ee-a5e8-f875a47c197c,乡村,/playlist?id=6686195791
81f366b3-00f2-11ee-8787-f875a47c197c,乡村,/playlist?id=8411906538
81f366b4-00f2-11ee-83ec-f875a47c197c,乡村,/playlist?id=8411057884
81f38dc2-00f2-11ee-b2f5-f875a47c197c,乡村,/playlist?id=8416630488
81f38dc3-00f2-11ee-b02f-f875a47c197c,乡村,/playlist?id=8409992897
81f38dc4-00f2-11ee-9907-f875a47c197c,乡村,/playlist?id=8436119349
81f3b4d5-00f2-11ee-8cef-f875a47c197c,乡村,/playlist?id=8437073363
81f3b4d6-00f2-11ee-97fe-f875a47c197c,乡村,/playlist?id=8424808968
81f3dbe1-00f2-11ee-942f-f875a47c197c,乡村,/playlist?id=8444046903
81f3dbe2-00f2-11ee-9897-f875a47c197c,乡村,/playlist?id=8431708544
81f3dbe3-00f2-11ee-99d9-f875a47c197c,乡村,/playlist?id=8425760403
81f402f2-00f2-11ee-b02e-f875a47c197c,乡村,/playlist?id=8415579245
81f402f3-00f2-11ee-99d3-f875a47c197c,乡村,/playlist?id=8445617864
81f402f4-00f2-11ee-a38f-f875a47c197c,乡村,/playlist?id=8411369912
81f42a04-00f2-11ee-8775-f875a47c197c,乡村,/playlist?id=4962290351
81f42a05-00f2-11ee-a560-f875a47c197c,乡村,/playlist?id=8425600170
81f42a06-00f2-11ee-b83f-f875a47c197c,乡村,/playlist?id=8419960751
81f45112-00f2-11ee-9223-f875a47c197c,乡村,/playlist?id=8408337244
81f45113-00f2-11ee-a6c7-f875a47c197c,乡村,/playlist?id=8415610702
81f4780a-00f2-11ee-9070-f875a47c197c,乡村,/playlist?id=8432119116
81f4780b-00f2-11ee-ae54-f875a47c197c,乡村,/playlist?id=8443891962
81f4780c-00f2-11ee-83f7-f875a47c197c,乡村,/playlist?id=310372396
81f49f1e-00f2-11ee-a54c-f875a47c197c,乡村,/playlist?id=530916024
81f49f1f-00f2-11ee-ad38-f875a47c197c,乡村,/playlist?id=2774009329
81f4c63b-00f2-11ee-9e20-f875a47c197c,乡村,/playlist?id=2392949338
81f4ed4d-00f2-11ee-9234-f875a47c197c,乡村,/playlist?id=2393030002
81f4ed4e-00f2-11ee-b310-f875a47c197c,乡村,/playlist?id=560609382
81f51689-00f2-11ee-896c-f875a47c197c,乡村,/playlist?id=2315633602
81f5168a-00f2-11ee-a611-f875a47c197c,乡村,/playlist?id=5806476
81f53b50-00f2-11ee-b334-f875a47c197c,乡村,/playlist?id=309330522
837175a4-00f2-11ee-9f1f-f875a47c197c,R&B/Soul,/playlist?id=6671216522
83719cb9-00f2-11ee-b411-f875a47c197c,R&B/Soul,/playlist?id=5449543141
8371c3df-00f2-11ee-9fc7-f875a47c197c,R&B/Soul,/playlist?id=5451934030
8371c3e0-00f2-11ee-a79b-f875a47c197c,R&B/Soul,/playlist?id=5451679698
8371eb0f-00f2-11ee-8fcb-f875a47c197c,R&B/Soul,/playlist?id=5363644086
8371eb10-00f2-11ee-b620-f875a47c197c,R&B/Soul,/playlist?id=5472305020
8371eb11-00f2-11ee-aed6-f875a47c197c,R&B/Soul,/playlist?id=5391313096
83721218-00f2-11ee-88e6-f875a47c197c,R&B/Soul,/playlist?id=5342642424
83721219-00f2-11ee-9c53-f875a47c197c,R&B/Soul,/playlist?id=5377296264
8372391a-00f2-11ee-961c-f875a47c197c,R&B/Soul,/playlist?id=5426072602
8372391b-00f2-11ee-96ef-f875a47c197c,R&B/Soul,/playlist?id=6678233267
837261c5-00f2-11ee-b079-f875a47c197c,R&B/Soul,/playlist?id=6597679343
837261c6-00f2-11ee-96e9-f875a47c197c,R&B/Soul,/playlist?id=5434513615
837261c7-00f2-11ee-b52a-f875a47c197c,R&B/Soul,/playlist?id=6597000798
83728747-00f2-11ee-9c8b-f875a47c197c,R&B/Soul,/playlist?id=6637144879
83728748-00f2-11ee-a48a-f875a47c197c,R&B/Soul,/playlist?id=5381722575
8372aff2-00f2-11ee-be52-f875a47c197c,R&B/Soul,/playlist?id=6663794062
8372aff3-00f2-11ee-b219-f875a47c197c,R&B/Soul,/playlist?id=5338566001
8372aff4-00f2-11ee-9bdb-f875a47c197c,R&B/Soul,/playlist?id=5480819721
8372d562-00f2-11ee-9971-f875a47c197c,R&B/Soul,/playlist?id=6660829754
8372d563-00f2-11ee-91f8-f875a47c197c,R&B/Soul,/playlist?id=6621449411
8372fe0f-00f2-11ee-9142-f875a47c197c,R&B/Soul,/playlist?id=5315249487
8372fe10-00f2-11ee-899e-f875a47c197c,R&B/Soul,/playlist?id=6661268629
8372fe11-00f2-11ee-afc5-f875a47c197c,R&B/Soul,/playlist?id=5452173199
83732361-00f2-11ee-93c4-f875a47c197c,R&B/Soul,/playlist?id=5348219627
83732362-00f2-11ee-b54f-f875a47c197c,R&B/Soul,/playlist?id=6597273889
83734a6b-00f2-11ee-9577-f875a47c197c,R&B/Soul,/playlist?id=5475268496
83734a6c-00f2-11ee-8d1a-f875a47c197c,R&B/Soul,/playlist?id=6605147757
83734a6d-00f2-11ee-8f4b-f875a47c197c,R&B/Soul,/playlist?id=6702371651
8373717a-00f2-11ee-b577-f875a47c197c,R&B/Soul,/playlist?id=5467055346
8373717b-00f2-11ee-af48-f875a47c197c,R&B/Soul,/playlist?id=5481218726
8373717c-00f2-11ee-bd56-f875a47c197c,R&B/Soul,/playlist?id=5466577620
8373988a-00f2-11ee-bbf7-f875a47c197c,R&B/Soul,/playlist?id=5440545862
8373988b-00f2-11ee-a9d9-f875a47c197c,R&B/Soul,/playlist?id=5437835142
8373bf97-00f2-11ee-88ac-f875a47c197c,R&B/Soul,/playlist?id=5381381410
8504c1f8-00f2-11ee-a2fe-f875a47c197c,古典,/playlist?id=8267144559
8504eac4-00f2-11ee-87bf-f875a47c197c,古典,/playlist?id=8411459804
8504eac5-00f2-11ee-9b12-f875a47c197c,古典,/playlist?id=8263771967
85051027-00f2-11ee-a8e1-f875a47c197c,古典,/playlist?id=8264258441
85051028-00f2-11ee-a3d1-f875a47c197c,古典,/playlist?id=2770070300
85053739-00f2-11ee-8095-f875a47c197c,古典,/playlist?id=8411515965
8505373a-00f2-11ee-8c44-f875a47c197c,古典,/playlist?id=2768646174
85055e44-00f2-11ee-81cf-f875a47c197c,古典,/playlist?id=8267176569
85055e45-00f2-11ee-a6bf-f875a47c197c,古典,/playlist?id=8253035875
85055e46-00f2-11ee-a444-f875a47c197c,古典,/playlist?id=6956941749
85058576-00f2-11ee-95ce-f875a47c197c,古典,/playlist?id=8266996461
85058577-00f2-11ee-ba89-f875a47c197c,古典,/playlist?id=8266719089
8505ac67-00f2-11ee-8606-f875a47c197c,古典,/playlist?id=6668232116
8505ac68-00f2-11ee-bc4a-f875a47c197c,古典,/playlist?id=8267032407
8505ac69-00f2-11ee-bf92-f875a47c197c,古典,/playlist?id=8251224286
8505d379-00f2-11ee-8d16-f875a47c197c,古典,/playlist?id=6686195774
8505d37a-00f2-11ee-8132-f875a47c197c,古典,/playlist?id=8267093330
8505fa92-00f2-11ee-abed-f875a47c197c,古典,/playlist?id=6689046087
8505fa93-00f2-11ee-aff1-f875a47c197c,古典,/playlist?id=8266729024
8506219b-00f2-11ee-8b2f-f875a47c197c,古典,/playlist?id=8267185369
850648ae-00f2-11ee-9ba7-f875a47c197c,古典,/playlist?id=8265042328
850648af-00f2-11ee-81d9-f875a47c197c,古典,/playlist?id=8411532946
850648b0-00f2-11ee-8027-f875a47c197c,古典,/playlist?id=8421566203
85066fd2-00f2-11ee-a08d-f875a47c197c,古典,/playlist?id=8267149617
85066fd3-00f2-11ee-8530-f875a47c197c,古典,/playlist?id=8267106272
85066fd4-00f2-11ee-b00f-f875a47c197c,古典,/playlist?id=5453498110
85069872-00f2-11ee-9098-f875a47c197c,古典,/playlist?id=8267145226
85069873-00f2-11ee-ad8c-f875a47c197c,古典,/playlist?id=8267005485
8506bdd4-00f2-11ee-803d-f875a47c197c,古典,/playlist?id=7769059246
8506bdd5-00f2-11ee-8845-f875a47c197c,古典,/playlist?id=8267093314
8506e4e0-00f2-11ee-b2e3-f875a47c197c,古典,/playlist?id=8264087368
8506e4e1-00f2-11ee-8329-f875a47c197c,古典,/playlist?id=8267144842
8506e4e2-00f2-11ee-aff4-f875a47c197c,古典,/playlist?id=2769930940
85070bed-00f2-11ee-8a5f-f875a47c197c,古典,/playlist?id=8253220512
85070bee-00f2-11ee-a620-f875a47c197c,古典,/playlist?id=8267149768
868e87bc-00f2-11ee-8690-f875a47c197c,民族,/playlist?id=6867586378
868e87bd-00f2-11ee-909d-f875a47c197c,民族,/playlist?id=5341705004
868eac84-00f2-11ee-9d7e-f875a47c197c,民族,/playlist?id=627566466
868eac85-00f2-11ee-8e81-f875a47c197c,民族,/playlist?id=7545200311
868eac86-00f2-11ee-bf3a-f875a47c197c,民族,/playlist?id=2207024202
868ed5ea-00f2-11ee-b3f3-f875a47c197c,民族,/playlist?id=132776239
868ed5eb-00f2-11ee-8d5e-f875a47c197c,民族,/playlist?id=3236938182
868efabb-00f2-11ee-b115-f875a47c197c,民族,/playlist?id=5341661125
868efabc-00f2-11ee-bd3f-f875a47c197c,民族,/playlist?id=2991568084
868efabd-00f2-11ee-aca2-f875a47c197c,民族,/playlist?id=504691953
868f21c7-00f2-11ee-a100-f875a47c197c,民族,/playlist?id=8418249882
868f21c8-00f2-11ee-b2f0-f875a47c197c,民族,/playlist?id=7277677496
868f48d7-00f2-11ee-87e2-f875a47c197c,民族,/playlist?id=4925980869
868f48d8-00f2-11ee-83e0-f875a47c197c,民族,/playlist?id=878437737
868f48d9-00f2-11ee-a278-f875a47c197c,民族,/playlist?id=706956015
868f6fe6-00f2-11ee-aead-f875a47c197c,民族,/playlist?id=567065245
868f6fe7-00f2-11ee-9798-f875a47c197c,民族,/playlist?id=3229907530
868f6fe8-00f2-11ee-8814-f875a47c197c,民族,/playlist?id=7752699477
868f9703-00f2-11ee-bcdd-f875a47c197c,民族,/playlist?id=6736474658
868f9704-00f2-11ee-bcd8-f875a47c197c,民族,/playlist?id=5191184695
868fbdf6-00f2-11ee-8bdb-f875a47c197c,民族,/playlist?id=537925798
868fbdf7-00f2-11ee-8ef7-f875a47c197c,民族,/playlist?id=8406315154
868fbdf8-00f2-11ee-ba4e-f875a47c197c,民族,/playlist?id=603561449
868fe507-00f2-11ee-961b-f875a47c197c,民族,/playlist?id=820331201
868fe508-00f2-11ee-8a7d-f875a47c197c,民族,/playlist?id=7502915503
868fe509-00f2-11ee-b961-f875a47c197c,民族,/playlist?id=5393031469
86900c96-00f2-11ee-8905-f875a47c197c,民族,/playlist?id=2095661970
86900c97-00f2-11ee-8c66-f875a47c197c,民族,/playlist?id=8419216761
86903320-00f2-11ee-a8fc-f875a47c197c,民族,/playlist?id=2737025806
86903321-00f2-11ee-9f88-f875a47c197c,民族,/playlist?id=806235166
86903322-00f2-11ee-ad5d-f875a47c197c,民族,/playlist?id=595770225
86905a33-00f2-11ee-ad35-f875a47c197c,民族,/playlist?id=390144545
86905a34-00f2-11ee-9bfc-f875a47c197c,民族,/playlist?id=6956381380
869082ec-00f2-11ee-8628-f875a47c197c,民族,/playlist?id=5287658725
869082ed-00f2-11ee-b89a-f875a47c197c,民族,/playlist?id=5287706390
880c95ac-00f2-11ee-b0ad-f875a47c197c,英伦,/playlist?id=8414471149
880c95ad-00f2-11ee-95f1-f875a47c197c,英伦,/playlist?id=7632526533
880cba88-00f2-11ee-8e75-f875a47c197c,英伦,/playlist?id=8404309079
880cba89-00f2-11ee-ab73-f875a47c197c,英伦,/playlist?id=2698801884
880ce182-00f2-11ee-b9bf-f875a47c197c,英伦,/playlist?id=8414510736
880ce183-00f2-11ee-8c66-f875a47c197c,英伦,/playlist?id=8400263803
880ce184-00f2-11ee-83af-f875a47c197c,英伦,/playlist?id=8414694580
880d0892-00f2-11ee-8301-f875a47c197c,英伦,/playlist?id=8415972276
880d0893-00f2-11ee-a445-f875a47c197c,英伦,/playlist?id=8434223699
880d2fa1-00f2-11ee-9039-f875a47c197c,英伦,/playlist?id=8418147592
880d2fa2-00f2-11ee-abe2-f875a47c197c,英伦,/playlist?id=8413396668
880d56d1-00f2-11ee-8027-f875a47c197c,英伦,/playlist?id=8405213369
880d7dd4-00f2-11ee-93e8-f875a47c197c,英伦,/playlist?id=8414750302
880d7dd5-00f2-11ee-bb86-f875a47c197c,英伦,/playlist?id=8429455434
880d7dd6-00f2-11ee-ae99-f875a47c197c,英伦,/playlist?id=8410846409
880da4dc-00f2-11ee-9027-f875a47c197c,英伦,/playlist?id=8447836321
880da4dd-00f2-11ee-9f2c-f875a47c197c,英伦,/playlist?id=8402555394
880dcbe1-00f2-11ee-a224-f875a47c197c,英伦,/playlist?id=8429593592
880dcbe2-00f2-11ee-a373-f875a47c197c,英伦,/playlist?id=8421521179
880dcbe3-00f2-11ee-a5a6-f875a47c197c,英伦,/playlist?id=8437450853
880df2f9-00f2-11ee-ab67-f875a47c197c,英伦,/playlist?id=8444146481
880df2fa-00f2-11ee-a263-f875a47c197c,英伦,/playlist?id=8414174325
880e1a03-00f2-11ee-b294-f875a47c197c,英伦,/playlist?id=8423001332
880e1a04-00f2-11ee-896e-f875a47c197c,英伦,/playlist?id=8423889263
880e1a05-00f2-11ee-8047-f875a47c197c,英伦,/playlist?id=8433330232
880e4116-00f2-11ee-ae8c-f875a47c197c,英伦,/playlist?id=8423836386
880e4117-00f2-11ee-b98b-f875a47c197c,英伦,/playlist?id=8414710783
880e6824-00f2-11ee-8f21-f875a47c197c,英伦,/playlist?id=8210426907
880e6825-00f2-11ee-8fe5-f875a47c197c,英伦,/playlist?id=8437968272
880e6826-00f2-11ee-836b-f875a47c197c,英伦,/playlist?id=8436910137
880e8f38-00f2-11ee-925d-f875a47c197c,英伦,/playlist?id=8436021361
880e8f39-00f2-11ee-81b0-f875a47c197c,英伦,/playlist?id=8427369234
880eb653-00f2-11ee-aa19-f875a47c197c,英伦,/playlist?id=8400284617
880eb654-00f2-11ee-ab51-f875a47c197c,英伦,/playlist?id=8407194550
880edd5a-00f2-11ee-bc01-f875a47c197c,英伦,/playlist?id=8403988043
898ec800-00f2-11ee-9ab8-f875a47c197c,金属,/playlist?id=5482015402
898eef29-00f2-11ee-a469-f875a47c197c,金属,/playlist?id=8423349665
898eef2a-00f2-11ee-a4dc-f875a47c197c,金属,/playlist?id=8393042485
898eef2b-00f2-11ee-9fce-f875a47c197c,金属,/playlist?id=8400969491
898f1618-00f2-11ee-a923-f875a47c197c,金属,/playlist?id=8439403729
898f1619-00f2-11ee-9a17-f875a47c197c,金属,/playlist?id=8403100446
898f161a-00f2-11ee-a758-f875a47c197c,金属,/playlist?id=8424751309
898f3d31-00f2-11ee-ae54-f875a47c197c,金属,/playlist?id=8418663057
898f3d32-00f2-11ee-a8a8-f875a47c197c,金属,/playlist?id=8428618665
898f6437-00f2-11ee-b200-f875a47c197c,金属,/playlist?id=8409390669
898f6438-00f2-11ee-b14c-f875a47c197c,金属,/playlist?id=8443115840
898f6439-00f2-11ee-ae44-f875a47c197c,金属,/playlist?id=8423310907
898f8b46-00f2-11ee-98cb-f875a47c197c,金属,/playlist?id=8417415623
898f8b47-00f2-11ee-a02a-f875a47c197c,金属,/playlist?id=8416936277
898f8b48-00f2-11ee-90c1-f875a47c197c,金属,/playlist?id=8447354531
898fb257-00f2-11ee-aa77-f875a47c197c,金属,/playlist?id=8432242102
898fb258-00f2-11ee-8711-f875a47c197c,金属,/playlist?id=8430059699
898fd971-00f2-11ee-820d-f875a47c197c,金属,/playlist?id=8411943644
898fd972-00f2-11ee-9505-f875a47c197c,金属,/playlist?id=8404310084
898fd973-00f2-11ee-9dd4-f875a47c197c,金属,/playlist?id=8428875168
8990007e-00f2-11ee-addd-f875a47c197c,金属,/playlist?id=8446185319
8990007f-00f2-11ee-810a-f875a47c197c,金属,/playlist?id=6885539341
8990278b-00f2-11ee-bbde-f875a47c197c,金属,/playlist?id=8400123683
8990278c-00f2-11ee-abae-f875a47c197c,金属,/playlist?id=8430334442
8990278d-00f2-11ee-a8b1-f875a47c197c,金属,/playlist?id=8423753040
89904e98-00f2-11ee-827f-f875a47c197c,金属,/playlist?id=8407465490
89904e99-00f2-11ee-a288-f875a47c197c,金属,/playlist?id=8449160253
899075ba-00f2-11ee-be45-f875a47c197c,金属,/playlist?id=3139851018
899075bb-00f2-11ee-80cf-f875a47c197c,金属,/playlist?id=2884303795
899075bc-00f2-11ee-8833-f875a47c197c,金属,/playlist?id=398427494
89909cd3-00f2-11ee-8c0e-f875a47c197c,金属,/playlist?id=122757545
89909cd4-00f2-11ee-8f37-f875a47c197c,金属,/playlist?id=6973193561
89909cd5-00f2-11ee-856b-f875a47c197c,金属,/playlist?id=100277489
8990c3de-00f2-11ee-8db1-f875a47c197c,金属,/playlist?id=477958715
8990c3df-00f2-11ee-835b-f875a47c197c,金属,/playlist?id=2520403326
8b0eae30-00f2-11ee-86e0-f875a47c197c,朋克,/playlist?id=8410154200
8b0ed51b-00f2-11ee-a801-f875a47c197c,朋克,/playlist?id=5317236517
8b0ed51c-00f2-11ee-8481-f875a47c197c,朋克,/playlist?id=6686195785
8b0ed51d-00f2-11ee-93ae-f875a47c197c,朋克,/playlist?id=7481460537
8b0efc2d-00f2-11ee-914d-f875a47c197c,朋克,/playlist?id=8298611539
8b0efc2e-00f2-11ee-8820-f875a47c197c,朋克,/playlist?id=8298789076
8b0f2337-00f2-11ee-bb5a-f875a47c197c,朋克,/playlist?id=8408474100
8b0f2338-00f2-11ee-89c0-f875a47c197c,朋克,/playlist?id=8413683241
8b0f4a3c-00f2-11ee-9fe7-f875a47c197c,朋克,/playlist?id=8436718481
8b0f4a3d-00f2-11ee-9674-f875a47c197c,朋克,/playlist?id=8403948260
8b0f4a3e-00f2-11ee-81ee-f875a47c197c,朋克,/playlist?id=8423349665
8b0f7161-00f2-11ee-a9e4-f875a47c197c,朋克,/playlist?id=8421414891
8b0f9879-00f2-11ee-948e-f875a47c197c,朋克,/playlist?id=7260571070
8b0fc154-00f2-11ee-921d-f875a47c197c,朋克,/playlist?id=8414694580
8b0fc155-00f2-11ee-9cea-f875a47c197c,朋克,/playlist?id=8427256555
8b0fe6bb-00f2-11ee-b8d8-f875a47c197c,朋克,/playlist?id=8414550034
8b0fe6bc-00f2-11ee-a724-f875a47c197c,朋克,/playlist?id=8438325232
8b100d90-00f2-11ee-87b1-f875a47c197c,朋克,/playlist?id=8418501314
8b100d91-00f2-11ee-b500-f875a47c197c,朋克,/playlist?id=8410594889
8b103664-00f2-11ee-beaf-f875a47c197c,朋克,/playlist?id=489947177
8b103665-00f2-11ee-acee-f875a47c197c,朋克,/playlist?id=8437560326
8b105ba9-00f2-11ee-a6fb-f875a47c197c,朋克,/playlist?id=8421201210
8b105baa-00f2-11ee-93a7-f875a47c197c,朋克,/playlist?id=8403728848
8b105bab-00f2-11ee-bbb1-f875a47c197c,朋克,/playlist?id=8440077382
8b1082cb-00f2-11ee-a745-f875a47c197c,朋克,/playlist?id=8437443843
8b1082cc-00f2-11ee-a74f-f875a47c197c,朋克,/playlist?id=8404323392
8b1082cd-00f2-11ee-be8b-f875a47c197c,朋克,/playlist?id=8423790095
8b10a9d8-00f2-11ee-b805-f875a47c197c,朋克,/playlist?id=8441727273
8b10a9d9-00f2-11ee-acd1-f875a47c197c,朋克,/playlist?id=8413103267
8b10a9da-00f2-11ee-9c1b-f875a47c197c,朋克,/playlist?id=8400182961
8b10d1f4-00f2-11ee-a0c2-f875a47c197c,朋克,/playlist?id=8418585961
8b10d1f5-00f2-11ee-8a50-f875a47c197c,朋克,/playlist?id=8423288673
8b10f971-00f2-11ee-be03-f875a47c197c,朋克,/playlist?id=8441812416
8b10f972-00f2-11ee-b250-f875a47c197c,朋克,/playlist?id=888733708
8b10f973-00f2-11ee-82ba-f875a47c197c,朋克,/playlist?id=8419652597
8c9d125d-00f2-11ee-a945-f875a47c197c,蓝调,/playlist?id=2972747860
8c9d125e-00f2-11ee-8eb7-f875a47c197c,蓝调,/playlist?id=8216636486
8c9d125f-00f2-11ee-a3fc-f875a47c197c,蓝调,/playlist?id=5378259277
8c9d3b66-00f2-11ee-a1e8-f875a47c197c,蓝调,/playlist?id=8412564958
8c9d3b67-00f2-11ee-b381-f875a47c197c,蓝调,/playlist?id=8407683391
8c9d6209-00f2-11ee-86ea-f875a47c197c,蓝调,/playlist?id=8408673569
8c9d620a-00f2-11ee-ad78-f875a47c197c,蓝调,/playlist?id=8401495872
8c9d8913-00f2-11ee-ade7-f875a47c197c,蓝调,/playlist?id=8427373313
8c9d8914-00f2-11ee-8425-f875a47c197c,蓝调,/playlist?id=8434694151
8c9d8915-00f2-11ee-bec9-f875a47c197c,蓝调,/playlist?id=7632526533
8c9db023-00f2-11ee-8753-f875a47c197c,蓝调,/playlist?id=8402630188
8c9db024-00f2-11ee-b1ee-f875a47c197c,蓝调,/playlist?id=8423195389
8c9dd734-00f2-11ee-80f5-f875a47c197c,蓝调,/playlist?id=8424742123
8c9dd735-00f2-11ee-9624-f875a47c197c,蓝调,/playlist?id=8403485571
8c9dd736-00f2-11ee-8f56-f875a47c197c,蓝调,/playlist?id=8419960751
8c9dfe44-00f2-11ee-8ab6-f875a47c197c,蓝调,/playlist?id=8423029906
8c9dfe45-00f2-11ee-845e-f875a47c197c,蓝调,/playlist?id=8400509094
8c9dfe46-00f2-11ee-b96d-f875a47c197c,蓝调,/playlist?id=8417329155
8c9e2552-00f2-11ee-b532-f875a47c197c,蓝调,/playlist?id=8426400413
8c9e2553-00f2-11ee-804d-f875a47c197c,蓝调,/playlist?id=8404850836
8c9e2554-00f2-11ee-9656-f875a47c197c,蓝调,/playlist?id=8433031809
8c9e4c64-00f2-11ee-b1f1-f875a47c197c,蓝调,/playlist?id=8403760771
8c9e4c65-00f2-11ee-8d7a-f875a47c197c,蓝调,/playlist?id=8411897921
8c9e7373-00f2-11ee-a347-f875a47c197c,蓝调,/playlist?id=8443782031
8c9e7374-00f2-11ee-8eb4-f875a47c197c,蓝调,/playlist?id=8409345822
8c9e7375-00f2-11ee-9652-f875a47c197c,蓝调,/playlist?id=8413396668
8c9e9a87-00f2-11ee-bd5e-f875a47c197c,蓝调,/playlist?id=8444095905
8c9e9a88-00f2-11ee-9cb1-f875a47c197c,蓝调,/playlist?id=8438952367
8c9e9a89-00f2-11ee-80cb-f875a47c197c,蓝调,/playlist?id=8402520340
8c9ec194-00f2-11ee-9d4e-f875a47c197c,蓝调,/playlist?id=8438521647
8c9ec195-00f2-11ee-a173-f875a47c197c,蓝调,/playlist?id=8418965566
8c9ee8a4-00f2-11ee-9937-f875a47c197c,蓝调,/playlist?id=8287562038
8c9ee8a5-00f2-11ee-ab0b-f875a47c197c,蓝调,/playlist?id=7036689095
8c9ee8a6-00f2-11ee-bf74-f875a47c197c,蓝调,/playlist?id=2180926727
8c9f0f9e-00f2-11ee-ad84-f875a47c197c,蓝调,/playlist?id=361338397
8e2471c9-00f2-11ee-b925-f875a47c197c,雷鬼,/playlist?id=8413185601
8e2471ca-00f2-11ee-9bcf-f875a47c197c,雷鬼,/playlist?id=6700242542
8e249907-00f2-11ee-8831-f875a47c197c,雷鬼,/playlist?id=6642310978
8e249908-00f2-11ee-8379-f875a47c197c,雷鬼,/playlist?id=6686195781
8e24c00c-00f2-11ee-aff9-f875a47c197c,雷鬼,/playlist?id=8413105784
8e24c00d-00f2-11ee-9d4d-f875a47c197c,雷鬼,/playlist?id=8436608681
8e24c00e-00f2-11ee-b266-f875a47c197c,雷鬼,/playlist?id=8400712726
8e24e722-00f2-11ee-9951-f875a47c197c,雷鬼,/playlist?id=8398985815
8e250e3c-00f2-11ee-9fa3-f875a47c197c,雷鬼,/playlist?id=8441816105
8e25350e-00f2-11ee-9007-f875a47c197c,雷鬼,/playlist?id=8443480818
8e25350f-00f2-11ee-90cb-f875a47c197c,雷鬼,/playlist?id=8416840306
8e255c34-00f2-11ee-8598-f875a47c197c,雷鬼,/playlist?id=8434830185
8e255c35-00f2-11ee-afb7-f875a47c197c,雷鬼,/playlist?id=8407488985
8e255c36-00f2-11ee-88f5-f875a47c197c,雷鬼,/playlist?id=8425799747
8e258351-00f2-11ee-8ed8-f875a47c197c,雷鬼,/playlist?id=8405499520
8e258352-00f2-11ee-8fac-f875a47c197c,雷鬼,/playlist?id=8399406394
8e25aa5b-00f2-11ee-97ab-f875a47c197c,雷鬼,/playlist?id=8414817364
8e25aa5c-00f2-11ee-bde8-f875a47c197c,雷鬼,/playlist?id=8400284617
8e25aa5d-00f2-11ee-a79f-f875a47c197c,雷鬼,/playlist?id=8446082778
8e25d154-00f2-11ee-9ec8-f875a47c197c,雷鬼,/playlist?id=8412397744
8e25d155-00f2-11ee-a97f-f875a47c197c,雷鬼,/playlist?id=2225305277
8e25d156-00f2-11ee-afa1-f875a47c197c,雷鬼,/playlist?id=8441859438
8e25f864-00f2-11ee-95a1-f875a47c197c,雷鬼,/playlist?id=8423535426
8e25f865-00f2-11ee-8ba3-f875a47c197c,雷鬼,/playlist?id=8436915783
8e261f73-00f2-11ee-807a-f875a47c197c,雷鬼,/playlist?id=8411939391
8e261f74-00f2-11ee-bca1-f875a47c197c,雷鬼,/playlist?id=8414506367
8e261f75-00f2-11ee-90a8-f875a47c197c,雷鬼,/playlist?id=8441273254
8e264684-00f2-11ee-a3b7-f875a47c197c,雷鬼,/playlist?id=8414670136
8e264685-00f2-11ee-8386-f875a47c197c,雷鬼,/playlist?id=8421248108
8e266d95-00f2-11ee-b3ff-f875a47c197c,雷鬼,/playlist?id=8434046713
8e266d96-00f2-11ee-896d-f875a47c197c,雷鬼,/playlist?id=8430073649
8e266d97-00f2-11ee-b0bc-f875a47c197c,雷鬼,/playlist?id=8436247003
8e2694ac-00f2-11ee-a392-f875a47c197c,雷鬼,/playlist?id=8438563997
8e2694ad-00f2-11ee-91d6-f875a47c197c,雷鬼,/playlist?id=5125297581
8e2694ae-00f2-11ee-bfac-f875a47c197c,雷鬼,/playlist?id=8449063104
8fa85632-00f2-11ee-a43c-f875a47c197c,世界音乐,/playlist?id=6630370168
8fa85633-00f2-11ee-bb46-f875a47c197c,世界音乐,/playlist?id=6630486540
8fa87d3b-00f2-11ee-9892-f875a47c197c,世界音乐,/playlist?id=6686195788
8fa87d3c-00f2-11ee-952e-f875a47c197c,世界音乐,/playlist?id=3236938182
8fa8a46f-00f2-11ee-a3b8-f875a47c197c,世界音乐,/playlist?id=2322968900
8fa8a470-00f2-11ee-97d8-f875a47c197c,世界音乐,/playlist?id=2338918334
8fa8a471-00f2-11ee-8132-f875a47c197c,世界音乐,/playlist?id=8411691416
8fa8cb5e-00f2-11ee-9052-f875a47c197c,世界音乐,/playlist?id=2553292628
8fa8cb5f-00f2-11ee-9e77-f875a47c197c,世界音乐,/playlist?id=8234005437
8fa8f41a-00f2-11ee-9f31-f875a47c197c,世界音乐,/playlist?id=3236976737
8fa8f41b-00f2-11ee-a0cf-f875a47c197c,世界音乐,/playlist?id=8442754620
8fa8f41c-00f2-11ee-819a-f875a47c197c,世界音乐,/playlist?id=8261090067
8fa9198f-00f2-11ee-91ab-f875a47c197c,世界音乐,/playlist?id=2784419038
8fa91990-00f2-11ee-999c-f875a47c197c,世界音乐,/playlist?id=4946256034
8fa94082-00f2-11ee-8347-f875a47c197c,世界音乐,/playlist?id=2318717702
8fa94083-00f2-11ee-891e-f875a47c197c,世界音乐,/playlist?id=698129170
8fa96789-00f2-11ee-b6f6-f875a47c197c,世界音乐,/playlist?id=2949735241
8fa9678a-00f2-11ee-95ce-f875a47c197c,世界音乐,/playlist?id=2016336495
8fa98ea4-00f2-11ee-a5dd-f875a47c197c,世界音乐,/playlist?id=8413148411
8fa98ea5-00f2-11ee-809d-f875a47c197c,世界音乐,/playlist?id=8427169124
8fa98ea6-00f2-11ee-9f6d-f875a47c197c,世界音乐,/playlist?id=8420587055
8fa9b5c7-00f2-11ee-9ff1-f875a47c197c,世界音乐,/playlist?id=6714957891
8fa9b5c8-00f2-11ee-b001-f875a47c197c,世界音乐,/playlist?id=360062344
8fa9dcd3-00f2-11ee-97bc-f875a47c197c,世界音乐,/playlist?id=7368521672
8fa9dcd4-00f2-11ee-bb77-f875a47c197c,世界音乐,/playlist?id=5187084226
8faa03d5-00f2-11ee-ae6c-f875a47c197c,世界音乐,/playlist?id=8202718520
8faa03d6-00f2-11ee-ad97-f875a47c197c,世界音乐,/playlist?id=8421948638
8faa03d7-00f2-11ee-8a5d-f875a47c197c,世界音乐,/playlist?id=5187068296
8faa2ae3-00f2-11ee-a6eb-f875a47c197c,世界音乐,/playlist?id=8414281194
8faa2ae4-00f2-11ee-a7b8-f875a47c197c,世界音乐,/playlist?id=7123996805
8faa5207-00f2-11ee-a22c-f875a47c197c,世界音乐,/playlist?id=8432222300
8faa5208-00f2-11ee-9e0e-f875a47c197c,世界音乐,/playlist?id=546552629
8faa7914-00f2-11ee-a3fe-f875a47c197c,世界音乐,/playlist?id=8183854275
8faa7915-00f2-11ee-86b1-f875a47c197c,世界音乐,/playlist?id=2578660386
8faaa040-00f2-11ee-a751-f875a47c197c,世界音乐,/playlist?id=8406315154
912c908e-00f2-11ee-862a-f875a47c197c,拉丁,/playlist?id=6700207013
912c908f-00f2-11ee-9304-f875a47c197c,拉丁,/playlist?id=899842742
912cb799-00f2-11ee-a2ef-f875a47c197c,拉丁,/playlist?id=8430073649
912cb79a-00f2-11ee-80b3-f875a47c197c,拉丁,/playlist?id=2280832698
912cdec5-00f2-11ee-89fe-f875a47c197c,拉丁,/playlist?id=30774339
912cdec6-00f2-11ee-8c11-f875a47c197c,拉丁,/playlist?id=489947177
912d05b4-00f2-11ee-bbc4-f875a47c197c,拉丁,/playlist?id=8407488985
912d05b5-00f2-11ee-ba82-f875a47c197c,拉丁,/playlist?id=8414710783
912d05b6-00f2-11ee-96b0-f875a47c197c,拉丁,/playlist?id=489510285
912d2cbb-00f2-11ee-8140-f875a47c197c,拉丁,/playlist?id=712440131
912d5576-00f2-11ee-aee1-f875a47c197c,拉丁,/playlist?id=8431701077
912d5577-00f2-11ee-a011-f875a47c197c,拉丁,/playlist?id=6619602142
912d5578-00f2-11ee-9cda-f875a47c197c,拉丁,/playlist?id=806185053
912d7add-00f2-11ee-9fb6-f875a47c197c,拉丁,/playlist?id=8438144729
912d7ade-00f2-11ee-b523-f875a47c197c,拉丁,/playlist?id=8410338395
912da39d-00f2-11ee-8bd1-f875a47c197c,拉丁,/playlist?id=8245835525
912da39e-00f2-11ee-85ae-f875a47c197c,拉丁,/playlist?id=25777774
912da39f-00f2-11ee-afc6-f875a47c197c,拉丁,/playlist?id=407424781
912dc8f8-00f2-11ee-8cca-f875a47c197c,拉丁,/playlist?id=787479324
912dc8f9-00f2-11ee-b9bf-f875a47c197c,拉丁,/playlist?id=809063057
912dc8fa-00f2-11ee-b1f4-f875a47c197c,拉丁,/playlist?id=56635143
912df1d4-00f2-11ee-a54a-f875a47c197c,拉丁,/playlist?id=363472728
912e18d8-00f2-11ee-b589-f875a47c197c,拉丁,/playlist?id=140154155
912e18d9-00f2-11ee-ba90-f875a47c197c,拉丁,/playlist?id=494997343
912e3fdf-00f2-11ee-9595-f875a47c197c,拉丁,/playlist?id=2022107664
912e3fe0-00f2-11ee-baed-f875a47c197c,拉丁,/playlist?id=2156718101
912e66e8-00f2-11ee-95a9-f875a47c197c,拉丁,/playlist?id=2544525269
912e66e9-00f2-11ee-9487-f875a47c197c,拉丁,/playlist?id=2109593684
912e66ea-00f2-11ee-82d9-f875a47c197c,拉丁,/playlist?id=2625421050
912e8c3c-00f2-11ee-8c43-f875a47c197c,拉丁,/playlist?id=989201671
912e8c3d-00f2-11ee-b261-f875a47c197c,拉丁,/playlist?id=5440161917
912eb345-00f2-11ee-9bd0-f875a47c197c,拉丁,/playlist?id=500765335
912eb346-00f2-11ee-b450-f875a47c197c,拉丁,/playlist?id=107836351
912eb347-00f2-11ee-b3c4-f875a47c197c,拉丁,/playlist?id=5393299018
912eda58-00f2-11ee-b2c6-f875a47c197c,拉丁,/playlist?id=2815341364
92a8346d-00f2-11ee-afae-f875a47c197c,New,Age,/playlist?id=6671216522
92a85b78-00f2-11ee-97eb-f875a47c197c,New,Age,/playlist?id=5449543141
92a85b79-00f2-11ee-9ac8-f875a47c197c,New,Age,/playlist?id=5451934030
92a85b7a-00f2-11ee-a326-f875a47c197c,New,Age,/playlist?id=5451679698
92a88284-00f2-11ee-9aae-f875a47c197c,New,Age,/playlist?id=5363644086
92a88285-00f2-11ee-862d-f875a47c197c,New,Age,/playlist?id=5472305020
92a8ab58-00f2-11ee-90a6-f875a47c197c,New,Age,/playlist?id=5391313096
92a8ab59-00f2-11ee-904d-f875a47c197c,New,Age,/playlist?id=5342642424
92a8d0b7-00f2-11ee-9fb7-f875a47c197c,New,Age,/playlist?id=5377296264
92a8d0b8-00f2-11ee-8578-f875a47c197c,New,Age,/playlist?id=5426072602
92a8d0b9-00f2-11ee-86e8-f875a47c197c,New,Age,/playlist?id=6678233267
92a8f7b8-00f2-11ee-8967-f875a47c197c,New,Age,/playlist?id=6597679343
92a8f7b9-00f2-11ee-95d7-f875a47c197c,New,Age,/playlist?id=5434513615
92a9206f-00f2-11ee-bcaa-f875a47c197c,New,Age,/playlist?id=6597000798
92a92070-00f2-11ee-a2b9-f875a47c197c,New,Age,/playlist?id=6637144879
92a92071-00f2-11ee-b64e-f875a47c197c,New,Age,/playlist?id=5381722575
92a945da-00f2-11ee-846a-f875a47c197c,New,Age,/playlist?id=6663794062
92a945db-00f2-11ee-9e94-f875a47c197c,New,Age,/playlist?id=5338566001
92a945dc-00f2-11ee-8bf2-f875a47c197c,New,Age,/playlist?id=5480819721
92a96cec-00f2-11ee-a8c9-f875a47c197c,New,Age,/playlist?id=6660829754
92a96ced-00f2-11ee-82bc-f875a47c197c,New,Age,/playlist?id=6621449411
92a96cee-00f2-11ee-8335-f875a47c197c,New,Age,/playlist?id=5315249487
92a993fd-00f2-11ee-9c96-f875a47c197c,New,Age,/playlist?id=6661268629
92a993fe-00f2-11ee-b6a7-f875a47c197c,New,Age,/playlist?id=5452173199
92a9bb04-00f2-11ee-9b75-f875a47c197c,New,Age,/playlist?id=5348219627
92a9bb05-00f2-11ee-8309-f875a47c197c,New,Age,/playlist?id=6597273889
92a9e228-00f2-11ee-8ca5-f875a47c197c,New,Age,/playlist?id=5475268496
92a9e229-00f2-11ee-b848-f875a47c197c,New,Age,/playlist?id=6605147757
92a9e22a-00f2-11ee-9658-f875a47c197c,New,Age,/playlist?id=6702371651
92aa0936-00f2-11ee-b7d3-f875a47c197c,New,Age,/playlist?id=5467055346
92aa0937-00f2-11ee-af89-f875a47c197c,New,Age,/playlist?id=5481218726
92aa0938-00f2-11ee-8fbb-f875a47c197c,New,Age,/playlist?id=5466577620
92aa3165-00f2-11ee-91d8-f875a47c197c,New,Age,/playlist?id=5440545862
92aa3166-00f2-11ee-9dc3-f875a47c197c,New,Age,/playlist?id=5437835142
92aa5755-00f2-11ee-87b6-f875a47c197c,New,Age,/playlist?id=5381381410
943777bc-00f2-11ee-bbbd-f875a47c197c,古风,/playlist?id=8233778834
94379ed8-00f2-11ee-b74e-f875a47c197c,古风,/playlist?id=8040041743
94379ed9-00f2-11ee-8088-f875a47c197c,古风,/playlist?id=8410145202
94379eda-00f2-11ee-9dca-f875a47c197c,古风,/playlist?id=7483063845
9437c5ee-00f2-11ee-88f8-f875a47c197c,古风,/playlist?id=6686195459
9437c5ef-00f2-11ee-9bf4-f875a47c197c,古风,/playlist?id=7711779816
9437eab4-00f2-11ee-986d-f875a47c197c,古风,/playlist?id=7649710244
9437eab5-00f2-11ee-a898-f875a47c197c,古风,/playlist?id=7810784296
9437eab6-00f2-11ee-90dd-f875a47c197c,古风,/playlist?id=8410129201
943811c3-00f2-11ee-b5b5-f875a47c197c,古风,/playlist?id=2829961453
943811c4-00f2-11ee-ab64-f875a47c197c,古风,/playlist?id=8422315901
943811c5-00f2-11ee-a2e3-f875a47c197c,古风,/playlist?id=8441718298
943839a6-00f2-11ee-a6b1-f875a47c197c,古风,/playlist?id=8424840061
943839a7-00f2-11ee-ab35-f875a47c197c,古风,/playlist?id=105285802
94386223-00f2-11ee-b920-f875a47c197c,古风,/playlist?id=8446129159
94386224-00f2-11ee-8788-f875a47c197c,古风,/playlist?id=8404262370
94386225-00f2-11ee-bf1f-f875a47c197c,古风,/playlist?id=8423576482
943886f4-00f2-11ee-baba-f875a47c197c,古风,/playlist?id=8409689374
943886f5-00f2-11ee-8f8f-f875a47c197c,古风,/playlist?id=8417581154
943886f6-00f2-11ee-a510-f875a47c197c,古风,/playlist?id=8415702716
9438ae03-00f2-11ee-adb1-f875a47c197c,古风,/playlist?id=8421198219
9438ae04-00f2-11ee-9489-f875a47c197c,古风,/playlist?id=8257010415
9438ae05-00f2-11ee-a3e6-f875a47c197c,古风,/playlist?id=8260519465
9438d5c7-00f2-11ee-8689-f875a47c197c,古风,/playlist?id=8260726098
9438d5c8-00f2-11ee-b6fc-f875a47c197c,古风,/playlist?id=8019999007
9438fc24-00f2-11ee-8c03-f875a47c197c,古风,/playlist?id=7745416045
9438fc25-00f2-11ee-97e1-f875a47c197c,古风,/playlist?id=8238763095
9438fc26-00f2-11ee-b54c-f875a47c197c,古风,/playlist?id=8398604329
9439234a-00f2-11ee-a29a-f875a47c197c,古风,/playlist?id=5298665388
9439234b-00f2-11ee-a8bd-f875a47c197c,古风,/playlist?id=29544372
94394a33-00f2-11ee-b973-f875a47c197c,古风,/playlist?id=96160731
94394a34-00f2-11ee-8940-f875a47c197c,古风,/playlist?id=23090783
94394a35-00f2-11ee-ad5d-f875a47c197c,古风,/playlist?id=22968599
9439716a-00f2-11ee-8b2f-f875a47c197c,古风,/playlist?id=1999199614
9439716b-00f2-11ee-a216-f875a47c197c,古风,/playlist?id=2386191655
95b91288-00f2-11ee-8a23-f875a47c197c,后摇,/playlist?id=8426458393
95b9399b-00f2-11ee-a230-f875a47c197c,后摇,/playlist?id=8432097146
95b9399c-00f2-11ee-9630-f875a47c197c,后摇,/playlist?id=8413716274
95b960b4-00f2-11ee-b5dc-f875a47c197c,后摇,/playlist?id=884528449
95b960b5-00f2-11ee-8058-f875a47c197c,后摇,/playlist?id=8432177886
95b9898a-00f2-11ee-b2e2-f875a47c197c,后摇,/playlist?id=8439080837
95b9898b-00f2-11ee-97d1-f875a47c197c,后摇,/playlist?id=8398836701
95b9aee1-00f2-11ee-b616-f875a47c197c,后摇,/playlist?id=8422303852
95b9aee2-00f2-11ee-9925-f875a47c197c,后摇,/playlist?id=5221989931
95b9aee3-00f2-11ee-b7b3-f875a47c197c,后摇,/playlist?id=8408081756
95b9d635-00f2-11ee-93f8-f875a47c197c,后摇,/playlist?id=8220159226
95b9d636-00f2-11ee-b0d7-f875a47c197c,后摇,/playlist?id=2509533305
95b9fd14-00f2-11ee-8067-f875a47c197c,后摇,/playlist?id=8407203211
95b9fd15-00f2-11ee-8d74-f875a47c197c,后摇,/playlist?id=8401608597
95b9fd16-00f2-11ee-ba1b-f875a47c197c,后摇,/playlist?id=8421201210
95ba2413-00f2-11ee-9bb3-f875a47c197c,后摇,/playlist?id=8409764053
95ba2414-00f2-11ee-ae67-f875a47c197c,后摇,/playlist?id=8418147592
95ba2415-00f2-11ee-a5d3-f875a47c197c,后摇,/playlist?id=8409124404
95ba4b03-00f2-11ee-96b8-f875a47c197c,后摇,/playlist?id=8437541719
95ba4b04-00f2-11ee-a6de-f875a47c197c,后摇,/playlist?id=8432598917
95ba73dc-00f2-11ee-b4d1-f875a47c197c,后摇,/playlist?id=8418585961
95ba73dd-00f2-11ee-887d-f875a47c197c,后摇,/playlist?id=2872638574
95ba73de-00f2-11ee-9a29-f875a47c197c,后摇,/playlist?id=8415534329
95ba9948-00f2-11ee-8e3d-f875a47c197c,后摇,/playlist?id=8445633047
95ba9949-00f2-11ee-8d24-f875a47c197c,后摇,/playlist?id=8420712081
95ba994a-00f2-11ee-8bc3-f875a47c197c,后摇,/playlist?id=8447818852
95bac051-00f2-11ee-ab30-f875a47c197c,后摇,/playlist?id=8430820322
95bac052-00f2-11ee-967a-f875a47c197c,后摇,/playlist?id=8407628895
95bae90a-00f2-11ee-8e74-f875a47c197c,后摇,/playlist?id=8436623801
95bae90b-00f2-11ee-a8ad-f875a47c197c,后摇,/playlist?id=8419325108
95bae90c-00f2-11ee-8551-f875a47c197c,后摇,/playlist?id=8445434368
95bb0e63-00f2-11ee-a75c-f875a47c197c,后摇,/playlist?id=8438311664
95bb0e64-00f2-11ee-a403-f875a47c197c,后摇,/playlist?id=8448037437
95bb356c-00f2-11ee-8063-f875a47c197c,后摇,/playlist?id=8405959881
95bb356d-00f2-11ee-950f-f875a47c197c,后摇,/playlist?id=8263005424
97488e88-00f2-11ee-ac78-f875a47c197c,Bossa,Nova,/playlist?id=6671216522
9748daf8-00f2-11ee-bbd0-f875a47c197c,Bossa,Nova,/playlist?id=5449543141
9748daf9-00f2-11ee-9db5-f875a47c197c,Bossa,Nova,/playlist?id=5451934030
9748dafa-00f2-11ee-afc9-f875a47c197c,Bossa,Nova,/playlist?id=5451679698
97490215-00f2-11ee-88f2-f875a47c197c,Bossa,Nova,/playlist?id=5363644086
97490216-00f2-11ee-84b3-f875a47c197c,Bossa,Nova,/playlist?id=5472305020
97490217-00f2-11ee-8864-f875a47c197c,Bossa,Nova,/playlist?id=5391313096
9749291d-00f2-11ee-a22b-f875a47c197c,Bossa,Nova,/playlist?id=5342642424
9749291e-00f2-11ee-b4b5-f875a47c197c,Bossa,Nova,/playlist?id=5377296264
974951e8-00f2-11ee-b375-f875a47c197c,Bossa,Nova,/playlist?id=5426072602
974951e9-00f2-11ee-ab7c-f875a47c197c,Bossa,Nova,/playlist?id=6678233267
974951ea-00f2-11ee-be54-f875a47c197c,Bossa,Nova,/playlist?id=6597679343
97497747-00f2-11ee-a5b0-f875a47c197c,Bossa,Nova,/playlist?id=5434513615
97497748-00f2-11ee-9e0e-f875a47c197c,Bossa,Nova,/playlist?id=6597000798
97497749-00f2-11ee-84b1-f875a47c197c,Bossa,Nova,/playlist?id=6637144879
97499e50-00f2-11ee-a703-f875a47c197c,Bossa,Nova,/playlist?id=5381722575
97499e51-00f2-11ee-8a10-f875a47c197c,Bossa,Nova,/playlist?id=6663794062
97499e52-00f2-11ee-b25c-f875a47c197c,Bossa,Nova,/playlist?id=5338566001
9749c566-00f2-11ee-a259-f875a47c197c,Bossa,Nova,/playlist?id=5480819721
9749c567-00f2-11ee-ae9d-f875a47c197c,Bossa,Nova,/playlist?id=6660829754
9749c568-00f2-11ee-8e84-f875a47c197c,Bossa,Nova,/playlist?id=6621449411
9749edcc-00f2-11ee-962a-f875a47c197c,Bossa,Nova,/playlist?id=5315249487
9749edcd-00f2-11ee-aa33-f875a47c197c,Bossa,Nova,/playlist?id=6661268629
974a14d3-00f2-11ee-a180-f875a47c197c,Bossa,Nova,/playlist?id=5452173199
974a14d4-00f2-11ee-b2f7-f875a47c197c,Bossa,Nova,/playlist?id=5348219627
974a14d5-00f2-11ee-856c-f875a47c197c,Bossa,Nova,/playlist?id=6597273889
974a3a8b-00f2-11ee-bfdd-f875a47c197c,Bossa,Nova,/playlist?id=5475268496
974a3a8c-00f2-11ee-a282-f875a47c197c,Bossa,Nova,/playlist?id=6605147757
974a3a8d-00f2-11ee-9ca2-f875a47c197c,Bossa,Nova,/playlist?id=6702371651
974a619e-00f2-11ee-863a-f875a47c197c,Bossa,Nova,/playlist?id=5467055346
974a619f-00f2-11ee-bf2f-f875a47c197c,Bossa,Nova,/playlist?id=5481218726
974a61a0-00f2-11ee-b783-f875a47c197c,Bossa,Nova,/playlist?id=5466577620
974a88b1-00f2-11ee-99bb-f875a47c197c,Bossa,Nova,/playlist?id=5440545862
974a88b2-00f2-11ee-9144-f875a47c197c,Bossa,Nova,/playlist?id=5437835142
974ab129-00f2-11ee-b371-f875a47c197c,Bossa,Nova,/playlist?id=5381381410
